wilaya_name,commune_name,zone
ADRAR,ADRAR,0
ADRAR,AKABILI,0
ADRAR,AOUGROUT,0
ADRAR,AOULEF,0
ADRAR,BORDJ BADJI MOKHTAR,0
ADRAR,BOUDA,0
ADRAR,DELDOUL,0
ADRAR,FENOUGHIL,0
ADRAR,GHAROUINE,0
ADRAR,INZEGMIR,0
ADRAR,KSAR KADDOUR,0
ADRAR,METARFA,0
ADRAR,OULED AHMED TIMI,0
ADRAR,OULED AISSA,0
ADRAR,OULED SAID,0
ADRAR,REGGANE,0
ADRAR,SALI,0
ADRAR,SEBAA,0
ADRAR,TALMINE,0
ADRAR,TAMENTIT,0
ADRAR,TAMEST,0
ADRAR,TIMIAOUINE,0
ADRAR,TIMIMOUN,0
ADRAR,TIMOKTEN,0
ADRAR,TINERKOUK,0
ADRAR,TIT,0
ADRAR,TSABIT,0
ADRAR,ZAOUIET KOUNTA,0
AIN-DEFLA,AIN BENIAN,III
AIN-DEFLA,AIN BOUYAHIA,III
AIN-DEFLA,AIN LECHIAKH,III
AIN-DEFLA,AIN SOLTANE,III
AIN-DEFLA,AIN TORKI,III
AIN-DEFLA,AIN-DEFLA,III
AIN-DEFLA,ARIB,III
AIN-DEFLA,BARBOUCHE,III
AIN-DEFLA,BATHIA,III
AIN-DEFLA,BELAAS,III
AIN-DEFLA,BEN ALLAL,III
AIN-DEFLA,BIR OULED KHELIFA,III
AIN-DEFLA,BORDJ EMIR KHALED,III
AIN-DEFLA,BOUMEDFAA,III
AIN-DEFLA,BOURACHED,III
AIN-DEFLA,DJELIDA,III
AIN-DEFLA,DJEMAA OULED CHEIKH,III
AIN-DEFLA,DJENDEL,III
AIN-DEFLA,EL ABBADIA,III
AIN-DEFLA,EL AMRA,III
AIN-DEFLA,EL ATTAF,III
AIN-DEFLA,EL HASSANIA,III
AIN-DEFLA,EL HOCEINIA,III
AIN-DEFLA,EL MAYENE,III
AIN-DEFLA,HAMMAM RIGHA,III
AIN-DEFLA,KHEMIS MILIANA,III
AIN-DEFLA,MEKHATRIA,III
AIN-DEFLA,MILIANA,III
AIN-DEFLA,OUED CHORFA,III
AIN-DEFLA,OUED DJEMAA,III
AIN-DEFLA,ROUINA,III
AIN-DEFLA,SIDI LAKHDAR,III
AIN-DEFLA,TACHTA ZEGARRA,III
AIN-DEFLA,TARIK IBN ZIAD,III
AIN-DEFLA,TIBERKANINE,III
AIN-DEFLA,ZEDDINE,III
AIN-TEMOUCHENT,AGHLAL,IIA
AIN-TEMOUCHENT,AIN EL ARBAA,IIA
AIN-TEMOUCHENT,AIN KIHEL,IIA
AIN-TEMOUCHENT,AIN TOLBA,IIA
AIN-TEMOUCHENT,AIN-TEMOUCHENT,IIA
AIN-TEMOUCHENT,BENI SAF,IIA
AIN-TEMOUCHENT,BOUZEDJAR,IIA
AIN-TEMOUCHENT,CHAABET EL HAM,IIA
AIN-TEMOUCHENT,CHENTOUF,IIA
AIN-TEMOUCHENT,EL AMRIA,IIA
AIN-TEMOUCHENT,EL EMIR ABDELKADER,IIA
AIN-TEMOUCHENT,EL M'SAID,IIA
AIN-TEMOUCHENT,EL MALAH,IIA
AIN-TEMOUCHENT,HAMMAM BOUHADJAR,IIA
AIN-TEMOUCHENT,HASSASNA,IIA
AIN-TEMOUCHENT,HASSI EL GHELLA,IIA
AIN-TEMOUCHENT,OUED BERKECHE,IIA
AIN-TEMOUCHENT,OUED SEBBAH,IIA
AIN-TEMOUCHENT,OUGBELLIL,IIA
AIN-TEMOUCHENT,OULED BOUDJEMAA,IIA
AIN-TEMOUCHENT,OULED KIHAL,IIA
AIN-TEMOUCHENT,OULHACA GHERRABA,IIA
AIN-TEMOUCHENT,SIDI BEN ADDA,IIA
AIN-TEMOUCHENT,SIDI BOUMEDIENE,IIA
AIN-TEMOUCHENT,SIDI SAFI,IIA
AIN-TEMOUCHENT,TADMAYA,IIA
AIN-TEMOUCHENT,TAMZOUGHA,IIA
AIN-TEMOUCHENT,TERGA,IIA
ALGER,AIN BENIAN,III
ALGER,AIN TAYA,III
ALGER,ALGER,III
ALGER,BAB EL OUED,III
ALGER,BABA HASSEN,III
ALGER,BACH DJERRAH,III
ALGER,BAINS ROMAINS,III
ALGER,BARAKI,III
ALGER,BAB EZZOUAR,III
ALGER,BEN AKNOUN,III
ALGER,BENI MESSOUS,III
ALGER,BIR KHADEM,III
ALGER,BIR MOURAD RAIS,III
ALGER,BIRTOUTA,III
ALGER,BOLOGHINE IBN ZIRI,III
ALGER,BORDJ EL BAHRI,III
ALGER,BORDJ EL KIFFAN,III
ALGER,BOUROUBA,III
ALGER,BOUZAREAH,III
ALGER,CASBAH,III
ALGER,CHERAGA,III
ALGER,DAR EL BEIDA,III
ALGER,DELY BRAHIM,III
ALGER,DJISR KSENTINA,III
ALGER,DOUERA,III
ALGER,DRARIA,III
ALGER,EL ACHOUR,III
ALGER,EL BIAR,III
ALGER,EL HARRACH,III
ALGER,EL MADANIA,III
ALGER,EL MAGHARIA,III
ALGER,EL MARSA,III
ALGER,EL MOURADIA,III
ALGER,HAMMA ANASSERS,III
ALGER,HARAOUA,III
ALGER,HUSSEIN DEY,III
ALGER,HYDRA,III
ALGER,KHRAISSIA,III
ALGER,KOUBA,III
ALGER,LES EUCALYPTUS,III
ALGER,MAHELMA,III
ALGER,MOHAMMADIA,III
ALGER,OUED KORICHE,III
ALGER,OUED SMAR,III
ALGER,OULED CHEBEL,III
ALGER,OULED FAYET,III
ALGER,RAHMANIA,III
ALGER,RAIS HAMIDOU,III
ALGER,REGHAIA,III
ALGER,ROUIBA,III
ALGER,SAOULA,III
ALGER,SIDI M'HAMED,III
ALGER,SIDI MOUSSA,III
ALGER,SOUIDANIA,III
ALGER,STAOUELI,III
ALGER,TASSALA EL MERDJA,III
ALGER,ZERALDA,III
ANNABA,AIN BERDA,IIA
ANNABA,ANNABA,IIA
ANNABA,BERRAHEL,IIA
ANNABA,CHETAIBI,IIA
ANNABA,CHEURFA,IIA
ANNABA,EL BOUNI,IIA
ANNABA,EL HADJAR,IIA
ANNABA,EULMA,IIA
ANNABA,OUED EL ANEB,IIA
ANNABA,SERAIDI,IIA
ANNABA,SIDI AMER,IIA
ANNABA,TREAT,IIA
BATNA,AIN DJASSER,I
BATNA,AIN TOUTA,I
BATNA,AIN YAGOUT,I
BATNA,ARRIS,I
BATNA,BARIKA,I
BATNA,BATNA,I
BATNA,BENI FOUDHALA EL HAKANIA,I
BATNA,BITAM,I
BATNA,BOULEHILET,I
BATNA,BOUMAGUER,I
BATNA,BOUMIA,I
BATNA,BOUZINA,I
BATNA,CHEMORA,I
BATNA,CHIR,I
BATNA,DJERMA,I
BATNA,DJEZZAR,I
BATNA,EL HASSI,I
BATNA,EL MADHER,I
BATNA,FESDIS,I
BATNA,FOUM TOUB,I
BATNA,GHASSIRA,I
BATNA,GOSBAT,I
BATNA,GUIGBA,I
BATNA,HIDOUSSA,I
BATNA,ICHEMOUL,I
BATNA,INOUGHISSENE,I
BATNA,KIMMEL,I
BATNA,KSAR BELEZMA,I
BATNA,LARBAA,I
BATNA,LAZROU,I
BATNA,LEMCEN,I
BATNA,M'DOUKAL,I
BATNA,MAAFA,I
BATNA,MENAA,I
BATNA,MEROUANA,I
BATNA,METKAOUAK,I
BATNA,N'GAOUS,I
BATNA,OUED CHAABA,I
BATNA,OUED EL MA,I
BATNA,OUED TAGA,I
BATNA,OULED AMMAR,I
BATNA,OULED AOUF,I
BATNA,OULED FADEL,I
BATNA,OULED SELLAM,I
BATNA,OULED SI SLIMANE,I
BATNA,OUYOUN EL ASSAFIR,I
BATNA,RAHBAT,I
BATNA,RAS EL AIOUN,I
BATNA,SEFIANE,I
BATNA,SEGGANA,I
BATNA,SERIANA,I
BATNA,T'KOUT,I
BATNA,TALKHEMT,I
BATNA,TAXLENT,I
BATNA,TAZOULT,I
BATNA,THENIET EL ABED,I
BATNA,TIGHANIMINE,I
BATNA,TIGHARGHAR,I
BATNA,TILATOU,I
BATNA,TIMGAD,I
BATNA,ZANA EL BEIDA,I
BECHAR,ABADLA,0
BECHAR,BECHAR,0
BECHAR,BENI ABBES,0
BECHAR,BENI IKHLEF,0
BECHAR,BENI OUNIF,0
BECHAR,BOUKAIS,0
BECHAR,EL OUATA,0
BECHAR,ERG FERRADJ,0
BECHAR,IGLI,0
BECHAR,KENADSA,0
BECHAR,KERZAZ,0
BECHAR,KSABI,0
BECHAR,LAHMAR,0
BECHAR,MECHRAA HOUARI BOUMEDIENE,0
BECHAR,MERIDJA,0
BECHAR,MOUGHEUL,0
BECHAR,OULED KHOUDIR,0
BECHAR,TABELBALA,0
BECHAR,TAGHIT,0
BECHAR,TAMERT,0
BECHAR,TIMMOUDI,0
BEJAIA,ADEKAR,IIA
BEJAIA,AIT R'ZINE,IIA
BEJAIA,AIT SMAIL,IIA
BEJAIA,AKBOU,IIA
BEJAIA,AKFADOU,IIA
BEJAIA,AMALOU,IIA
BEJAIA,AMIZOUR,IIA
BEJAIA,AOKAS,IIA
BEJAIA,BARBACHA,IIA
BEJAIA,BEJAIA,IIA
BEJAIA,BENI DJELLIL,IIA
BEJAIA,BENI KSILA,IIA
BEJAIA,BENI MAOUCHE,IIA
BEJAIA,BENI MELIKECH,IIA
BEJAIA,BOUDJELLIL,IIA
BEJAIA,BOUHAMZA,IIA
BEJAIA,BOUKHELIFA,IIA
BEJAIA,CHELATA,IIA
BEJAIA,CHEMINI,IIA
BEJAIA,DARGUINA,IIA
BEJAIA,DRAA EL KAID,IIA
BEJAIA,EL KSEUR,IIA
BEJAIA,FERRAOUN,IIA
BEJAIA,IFELAIN ILMATHEN,IIA
BEJAIA,IGHIL ALI,IIA
BEJAIA,IGHRAM,IIA
BEJAIA,KENDIRA,IIA
BEJAIA,KHERRATA,IIA
BEJAIA,LEFLAYE,IIA
BEJAIA,MELBOU,IIA
BEJAIA,OUED GHIR,IIA
BEJAIA,OUZELLAGUEN,IIA
BEJAIA,SEDDOUK,IIA
BEJAIA,SEMAOUNE,IIA
BEJAIA,SIDI AICH,IIA
BEJAIA,SIDI AYAD,IIA
BEJAIA,SIDI SAID,IIA
BEJAIA,SOUK EL THENINE,IIA
BEJAIA,SOUK OUFELLA,IIA
BEJAIA,TALA HAMZA,IIA
BEJAIA,TAMOKRA,IIA
BEJAIA,TAMRIDJET,IIA
BEJAIA,TAOURIRT IGHIL,IIA
BEJAIA,TASKRIOUT,IIA
BEJAIA,TAZMALT,IIA
BEJAIA,TIBANE,IIA
BEJAIA,TICHI,IIA
BEJAIA,TIFRA,IIA
BEJAIA,TIMZRIT,IIA
BEJAIA,TINEBDAR,IIA
BEJAIA,TIZI N'BERBER,IIA
BEJAIA,TOUDJA,IIA
BISKRA,AIN NAGA,I
BISKRA,AIN ZAATOUT,I
BISKRA,BESBES,I
BISKRA,BISKRA,I
BISKRA,BORDJ BEN AZZOUZ,I
BISKRA,BOUCHAGROUN,I
BISKRA,BRANIS,I
BISKRA,CHETMA,I
BISKRA,DJEMORAH,I
BISKRA,DOUCEN,I
BISKRA,ECH CHAIBA,I
BISKRA,EL FEIDH,I
BISKRA,EL GHROUS,I
BISKRA,EL HADJEB,I
BISKRA,EL HAOUCH,I
BISKRA,EL KANTARA,I
BISKRA,EL OUTAYA,I
BISKRA,FOUGHALA,I
BISKRA,KHANGAT SIDI NADJI,I
BISKRA,LICHANA,I
BISKRA,LIOUA,I
BISKRA,M'CHOUNECHE,I
BISKRA,M'ZIRAA,I
BISKRA,MEKHADMA,I
BISKRA,MLILI,I
BISKRA,OUGHLAL,I
BISKRA,OULED DJELLAL,I
BISKRA,OUMACHE,I
BISKRA,RAS EL MIAAD,I
BISKRA,SIDI KHALED,I
BISKRA,SIDI OKBA,I
BISKRA,TOLGA,I
BISKRA,ZERIBET EL OUED,I
BLIDA,AIN ROMANA,IIB
BLIDA,BEN KHELIL,III
BLIDA,BENI MERED,III
BLIDA,BENI TAMOU,III
BLIDA,BLIDA,III
BLIDA,BOUARFA,III
BLIDA,BOUFARIK,III
BLIDA,BOUGARA,IIB
BLIDA,BOUINAN,III
BLIDA,CHEBLI,III
BLIDA,CHIFFA,III
BLIDA,CHREA,III
BLIDA,DJEBABRA,IIB
BLIDA,EL AFFROUN,III
BLIDA,GUERROUAOU,III
BLIDA,HAMMAM MELOUANE,IIB
BLIDA,LARBAA,IIB
BLIDA,MEFTAH,IIB
BLIDA,MOUZAIA,III
BLIDA,OUED DJER,III
BLIDA,OUED EL ALLEUG,III
BLIDA,OULED SLAMA,IIB
BLIDA,OULED YAICH,III
BLIDA,SOUHANE,IIB
BLIDA,SOUMAA,III
BORDJ BOU ARRER,AIN TAGHROUT,IIA
BORDJ BOU ARRER,AIN TASSERA,IIA
BORDJ BOU ARRER,BELIMOUR,IIA
BORDJ BOU ARRER,BENDAOUD,IIA
BORDJ BOU ARRER,BIR KASDALI,IIA
BORDJ BOU ARRER,BORDJ BOU ARRERIDJ,IIA
BORDJ BOU ARRER,BORDJ GHDIR,IIA
BORDJ BOU ARRER,BORDJ ZEMOURA,IIA
BORDJ BOU ARRER,COLLA,IIA
BORDJ BOU ARRER,DJAAFRA,IIA
BORDJ BOU ARRER,EL ACHIR,IIA
BORDJ BOU ARRER,EL ANSEUR,IIA
BORDJ BOU ARRER,EL EUCH,IIA
BORDJ BOU ARRER,EL HAMMADIA,IIA
BORDJ BOU ARRER,EL M'HIR,IIA
BORDJ BOU ARRER,EL MAIN,IIA
BORDJ BOU ARRER,GHILASSA,IIA
BORDJ BOU ARRER,HARAZA,IIA
BORDJ BOU ARRER,HASNAOUA,IIA
BORDJ BOU ARRER,KHELIL,IIA
BORDJ BOU ARRER,KSOUR,IIA
BORDJ BOU ARRER,MANSOURA,IIA
BORDJ BOU ARRER,MEDJANA,IIA
BORDJ BOU ARRER,OULED BRAHEM,IIA
BORDJ BOU ARRER,OULED DAHMANE,IIA
BORDJ BOU ARRER,OULED SIDI BRAHIM,IIA
BORDJ BOU ARRER,RABTA,IIA
BORDJ BOU ARRER,RAS EL OUED,IIA
BORDJ BOU ARRER,SIDI EMBAREK,IIA
BORDJ BOU ARRER,TAFREG,IIA
BORDJ BOU ARRER,TAGLAIT,IIA
BORDJ BOU ARRER,TESMART,IIA
BORDJ BOU ARRER,THENIET EL ANSEUR,IIA
BORDJ BOU ARRER,TIXTER,IIA
BOUIRA,AGHBALOU,IIA
BOUIRA,AHL EL KSAR,IIA
BOUIRA,AIN BESSAM,IIA
BOUIRA,AIN EL HADJAR,IIA
BOUIRA,AIN LALOUI,IIA
BOUIRA,AIN TURK,IIA
BOUIRA,AIT LAAZIZ,IIA
BOUIRA,AOMAR,IIA
BOUIRA,ATH MANSOUR,IIA
BOUIRA,BECHLOUL,IIA
BOUIRA,BIR GHBALOU,IIA
BOUIRA,BORDJ OUKHRISS,IIA
BOUIRA,BOUDERBALA,IIA
BOUIRA,BOUIRA,IIA
BOUIRA,BOUKRAM,IIA
BOUIRA,CHORFA,IIA
BOUIRA,DECHMIA,IIA
BOUIRA,DIRAH,IIA
BOUIRA,DJEBAHIA,IIA
BOUIRA,EL ADJIBA,IIA
BOUIRA,EL ASNAM,IIA
BOUIRA,EL HACHIMIA,IIA
BOUIRA,EL HAKIMIA,IIA
BOUIRA,EL KHABOUZIA,IIA
BOUIRA,EL MOKRANI,IIA
BOUIRA,GUERROUMA,IIA
BOUIRA,HADJERA ZERGA,IIA
BOUIRA,HAIZER,IIA
BOUIRA,HANIF,IIA
BOUIRA,KADIRIA,IIA
BOUIRA,LAKHDARIA,IIA
BOUIRA,M'CHEDALLAH,IIA
BOUIRA,MAALA,IIA
BOUIRA,MAAMORA,IIA
BOUIRA,MEZDOUR,IIA
BOUIRA,OUED EL BERDI,IIA
BOUIRA,OULED RACHED,IIA
BOUIRA,RAOURAOUA,IIA
BOUIRA,RIDANE,IIA
BOUIRA,SAHARIDJ,IIA
BOUIRA,SOUK EL KHEMIS,IIA
BOUIRA,SOUR EL GHOZLANE,IIA
BOUIRA,TAGHZOUT,IIA
BOUIRA,TAGUEDIT,IIA
BOUIRA,ZBARBAR,IIA
BOUMERDES,AFIR,IIB
BOUMERDES,AMMAL,IIA
BOUMERDES,BAGHLIA,IIB
BOUMERDES,BEN CHOUD,IIB
BOUMERDES,BENI AMRANE,IIB
BOUMERDES,BORDJ MENAIEL,IIB
BOUMERDES,BOUDOUAOU,III
BOUMERDES,BOUDOUAOU EL BAHRI,III
BOUMERDES,BOUMERDES,III
BOUMERDES,BOUZEGZA KEDDARA,IIB
BOUMERDES,CHABET EL AMEUR,IIA
BOUMERDES,CORSO,III
BOUMERDES,DELLYS,III
BOUMERDES,DJINET,III
BOUMERDES,EL KHARROUBA,IIB
BOUMERDES,HAMMEDI,IIB
BOUMERDES,ISSER,IIB
BOUMERDES,KHEMIS EL KHECHNA,IIB
BOUMERDES,LAGHATA,III
BOUMERDES,LARBATACHE,IIB
BOUMERDES,NACIRIA,IIB
BOUMERDES,OULED AISSA,IIB
BOUMERDES,OULED HADJADJ,III
BOUMERDES,OULED MOUSSA,IIB
BOUMERDES,SI MUSTAPHA,III
BOUMERDES,SIDI DAOUD,III
BOUMERDES,SOUK EL HAD,IIB
BOUMERDES,TAOURGA,IIB
BOUMERDES,THENIA,III
BOUMERDES,TIDJELABINE,III
BOUMERDES,TIMEZRIT,IIA
BOUMERDES,ZEMMOURI,III
CHLEF,ABOU EL HASSEN,III
CHLEF,AIN MERANE,III
CHLEF,BENAIRIA,III
CHLEF,BENI BOUATTAB,III
CHLEF,BENI HAOUA,III
CHLEF,BENI RACHED,III
CHLEF,BOUKADIR,IIB
CHLEF,BOUZEGHAIA,III
CHLEF,BREIRA,III
CHLEF,CHETTIA,III
CHLEF,CHLEF,III
CHLEF,DAHRA,III
CHLEF,EL HADJADJ,III
CHLEF,EL KARIMIA,IIB
CHLEF,EL MARSA,III
CHLEF,HARCHOUN,IIB
CHLEF,HERENFA,III
CHLEF,LABIODH MEDJADJA,III
CHLEF,MOUSSADEK,III
CHLEF,OUED FODDA,III
CHLEF,OUED GHOUSSINE,III
CHLEF,OUED SLY,IIB
CHLEF,OULED ABBES,III
CHLEF,OULED BEN ABDELKADER,IIA
CHLEF,OULED FARES,III
CHLEF,OUM DROU,III
CHLEF,SENDJAS,IIB
CHLEF,SIDI ABDERRAHMANE,III
CHLEF,SIDI AKKACHA,III
CHLEF,SOBHA,III
CHLEF,TADJENA,III
CHLEF,TALASSA,III
CHLEF,TAOUGRITE,III
CHLEF,TENES,III
CHLEF,ZEBOUDJA,III
CONSTANTINE,AIN ABID,IIA
CONSTANTINE,AIN SMARA,IIA
CONSTANTINE,BEN BADIS,IIA
CONSTANTINE,BENI HAMIDENE,IIA
CONSTANTINE,CONSTANTINE,IIA
CONSTANTINE,DIDOUCHE MOURAD,IIA
CONSTANTINE,EL KHROUB,IIA
CONSTANTINE,HAMMA BOUZIANE,IIA
CONSTANTINE,IBN ZIAD,IIA
CONSTANTINE,MESAOUD BOUDJERIOU,IIA
CONSTANTINE,OULED RAHMOUN,IIA
CONSTANTINE,ZIGHOUD YOUCEF,IIA
DJELFA,AIN CHOUHADA,I
DJELFA,AIN EL IBEL,I
DJELFA,AIN FEKKA,I
DJELFA,AIN MAABED,I
DJELFA,AIN OUESSARA,I
DJELFA,AMOURA,I
DJELFA,BENHAR,I
DJELFA,BENI YAGOUB,I
DJELFA,BIRINE,I
DJELFA,BOUIRA LAHDAB,I
DJELFA,CHAREF,I
DJELFA,DAR CHIOUKH,I
DJELFA,DELDOUL,I
DJELFA,DJELFA,I
DJELFA,DOUIS,I
DJELFA,EL GUEDDID,I
DJELFA,EL IDRISSIA,I
DJELFA,EL KHEMIS,I
DJELFA,FEIDH EL BOTMA,I
DJELFA,GUERNINI,I
DJELFA,GUETTARA,I
DJELFA,HAD SAHARY,I
DJELFA,HASSI BAHBAH,I
DJELFA,HASSI EL EUCH,I
DJELFA,HASSI FDOUL,I
DJELFA,MESSAAD,I
DJELFA,MLILIHA,I
DJELFA,MOUADJEBAR,I
DJELFA,OUM LAADHAM,I
DJELFA,SED RAHAL,I
DJELFA,SELMANA,I
DJELFA,SIDI BAIZID,I
DJELFA,SIDI LAADJEL,I
DJELFA,TADMIT,I
DJELFA,ZAAFRANE,I
DJELFA,ZAKKAR,I
EL BAYADH,AIN EL ORAK,I
EL BAYADH,ARBAOUAT,I
EL BAYADH,BOUGTOUB,I
EL BAYADH,BOUSSEMGHOUN,I
EL BAYADH,BREZINA,I
EL BAYADH,CHEGUIG,I
EL BAYADH,CHELLALA,I
EL BAYADH,EL ABIODH SIDI CHEIKH,I
EL BAYADH,EL BAYADH,I
EL BAYADH,EL BNOUD,I
EL BAYADH,EL KHEITHER,I
EL BAYADH,EL MEHARA,I
EL BAYADH,GHASSOUL,I
EL BAYADH,HADJ MECHRI BOUALEM,0
EL BAYADH,KEF EL AHMAR,I
EL BAYADH,KRAKDA,I
EL BAYADH,ROGASSA,I
EL BAYADH,SIDI AMEUR,I
EL BAYADH,SIDI SLIMANE,I
EL BAYADH,SIDI TIFOUR,I
EL BAYADH,STITTEN,I
EL BAYADH,TOUSMOULINE,I
EL OUED,BAYADHA,0
EL OUED,BENI GUECHA,0
EL OUED,DJAMAA,0
EL OUED,DJEBILA,0
EL OUED,DOUAR EL MA,0
EL OUED,EL M'GHAIR,0
EL OUED,EL OGLA,0
EL OUED,EL OUED,0
EL OUED,GUEMAR,0
EL OUED,HAMRAIA,0
EL OUED,HASSANI ABDELKRIM,0
EL OUED,HASSI KHELIFA,0
EL OUED,KOUININE,0
EL OUED,M'RARA,0
EL OUED,MAGRANE,0
EL OUED,MIH OUENSA,0
EL OUED,NAKHLA,0
EL OUED,OUED EL ALENDA,0
EL OUED,OUM TIOUR,0
EL OUED,OURMES,0
EL OUED,REGUIBA,0
EL OUED,ROBBAH,0
EL OUED,SIDI AMRANE,0
EL OUED,SIDI AOUN,0
EL OUED,SIDI KHELLIL,0
EL OUED,STILL,0
EL OUED,TAGHZOUT,0
EL OUED,TALEB LARBI,0
EL OUED,TENDLA,0
EL OUED,TRIFAOU,0
EL-TARF,AIN EL ASSEL,IIA
EL-TARF,AIN KERMA,IIA
EL-TARF,ASFOUR,IIA
EL-TARF,BEN M'HIDI,IIA
EL-TARF,BERRIHANE,IIA
EL-TARF,BESBES,IIA
EL-TARF,BOUGOUS,IIA
EL-TARF,BOUHADJAR,IIA
EL-TARF,BOUTELDJA,IIA
EL-TARF,CHBAITA MOKHTAR,IIA
EL-TARF,CHEFIA,IIA
EL-TARF,CHIHANI,IIA
EL-TARF,DREAN,IIA
EL-TARF,ECHATT,IIA
EL-TARF,EL AIOUN,IIA
EL-TARF,EL KALA,IIA
EL-TARF,EL-TARF,IIA
EL-TARF,HAMMAM BENI SALAH,IIA
EL-TARF,LAC DES OISEAUX,IIA
EL-TARF,OUED ZITOUN,IIA
EL-TARF,RAML SOUK,IIA
EL-TARF,SOUAREKH,IIA
EL-TARF,ZERIZER,IIA
EL-TARF,ZITOUNA,IIA
GHARDAIA,BERRIANE,0
GHARDAIA,BOUNOURA,0
GHARDAIA,DHAYET BENDAHOUA,0
GHARDAIA,EL ATTEUF,0
GHARDAIA,EL GUERRARA,0
GHARDAIA,EL MANSOURA,0
GHARDAIA,GHARDAIA,0
GHARDAIA,GOLEA,I
GHARDAIA,HASSI EL GARAA,I
GHARDAIA,HASSI LEFHAL,I
GHARDAIA,METLILI,0
GHARDAIA,SEBSEB,0
GHARDAIA,ZELFANA,0
GUELMA,AIN BEN BEIDA,IIA
GUELMA,AIN LARBI,IIA
GUELMA,AIN MAKHLOUF,IIA
GUELMA,AIN REGGADA,IIA
GUELMA,AIN SANDEL,IIA
GUELMA,BELKHEIR,IIA
GUELMA,BENDJERRAH,IIA
GUELMA,BENI MEZLINE,IIA
GUELMA,BORDJ SABATH,IIA
GUELMA,BOUATI MAHMOUD,IIA
GUELMA,BOUCHEGOUF,IIA
GUELMA,BOUHACHANA,IIA
GUELMA,BOUHAMDANE,IIA
GUELMA,BOUMAHRA AHMED,IIA
GUELMA,DAHOUARA,IIA
GUELMA,DJEBALLAH KHEMISSI,IIA
GUELMA,EL FEDJOUDJ,IIA
GUELMA,GUELAAT BOUSBAA,IIA
GUELMA,GUELMA,IIA
GUELMA,HAMMAM DEBAGH,IIA
GUELMA,HAMMAM N'BAIL,IIA
GUELMA,HELIOPOLIS,IIA
GUELMA,HOUARI BOUMEDIENE,IIA
GUELMA,KHEZARA,IIA
GUELMA,MEDJEZ AMAR,IIA
GUELMA,MEDJEZ SFA,IIA
GUELMA,NECHMAYA,IIA
GUELMA,OUED CHEHAM,IIA
GUELMA,OUED FRAGHA,IIA
GUELMA,OUED ZENATI,IIA
GUELMA,RAS EL AGBA,IIA
GUELMA,ROKNIA,IIA
GUELMA,SELIAOUA ANNOUNA,IIA
GUELMA,TAMLOUKA,IIA
ILLIZI,BORDJ EL HAOUES,0
ILLIZI,BORDJ OMAR DRISS,0
ILLIZI,DEBDEB,0
ILLIZI,DJANET,0
ILLIZI,ILLIZI,0
ILLIZI,IN AMENAS,0
JIJEL,BORDJ TAHER,IIA
JIJEL,BOUDRIA BENI YADJIS,IIA
JIJEL,BOURAOUI BELHADEF,IIA
JIJEL,BOUSSIF OULED AKSEUR,IIA
JIJEL,CHAHNA,IIA
JIJEL,CHEBBALA MILAT,IIA
JIJEL,CHEKFA,IIA
JIJEL,DJEMAA BENI HABIBI,IIA
JIJEL,DJMILA,IIA
JIJEL,EL ANCER,IIA
JIJEL,EL AOUANA,IIA
JIJEL,EL KENNAR NOUCHFI,IIA
JIJEL,EL MILIA,IIA
JIJEL,EMIR ABDELKADER,IIA
JIJEL,ERRAGUENE,IIA
JIJEL,JIJEL,IIA
JIJEL,KAOUS,IIA
JIJEL,KIMIR OUED ADJOUL,IIA
JIJEL,OUDJANA,IIA
JIJEL,OULED RABAH,IIA
JIJEL,OULED YAHIA KHADROUCHE,IIA
JIJEL,SELMA BEN ZIADA,IIA
JIJEL,SETTARA,IIA
JIJEL,SIDI ABDELAZIZ,IIA
JIJEL,SIDI MAAROUF,IIA
JIJEL,TAHER,IIA
JIJEL,TEXENNA,IIA
JIJEL,ZIAMA MANSOURIA,IIA
KHENCHELA,AIN TOUILA,I
KHENCHELA,BABAR,I
KHENCHELA,BAGHAI,I
KHENCHELA,BOUHMAMA,I
KHENCHELA,CHELIA,I
KHENCHELA,CHERCHAR,I
KHENCHELA,DJELLAL,I
KHENCHELA,EL HAMMA,I
KHENCHELA,EL MAHMAL,I
KHENCHELA,EL OUELDJA,I
KHENCHELA,ENSIGHA,I
KHENCHELA,KAIS,I
KHENCHELA,KHENCHELA,I
KHENCHELA,KHIRANE,I
KHENCHELA,M'SARA,I
KHENCHELA,M'TOUSSA,I
KHENCHELA,OULED RECHACHE,I
KHENCHELA,REMILA,I
KHENCHELA,TAMZA,I
KHENCHELA,TAOUZIANAT,I
KHENCHELA,YABOUS,I
LAGHOUAT,AFLOU,I
LAGHOUAT,AIN MADHI,I
LAGHOUAT,AIN SIDI ALI,I
LAGHOUAT,BEIDHA,I
LAGHOUAT,BRIDA,I
LAGHOUAT,EL ASSAFIA,I
LAGHOUAT,EL GHICHA,I
LAGHOUAT,EL HAOUAITA,I
LAGHOUAT,GUELTAT SIDI SAAD,I
LAGHOUAT,HADJ MECHRI,I
LAGHOUAT,HASSI DHELAA,I
LAGHOUAT,HASSI R'MEL,I
LAGHOUAT,KHENEG,I
LAGHOUAT,KSAR EL HIRANE,I
LAGHOUAT,LAGHOUAT,I
LAGHOUAT,MEKHAREG,I
LAGHOUAT,OUED M'ZI,I
LAGHOUAT,OUED MORRA,I
LAGHOUAT,SEBGAG,I
LAGHOUAT,SIDI BOUZID,I
LAGHOUAT,SIDI MAKHLOUF,I
LAGHOUAT,TADJEMOUT,I
LAGHOUAT,TADJROUNA,I
LAGHOUAT,TAOUILA,I
MASCARA,AIN FARES,IIA
MASCARA,AIN FEKAN,IIA
MASCARA,AIN FERAH,IIA
MASCARA,AIN FRASS,IIA
MASCARA,ALAIMIA,IIA
MASCARA,AOUF,IIA
MASCARA,BENIAN,IIA
MASCARA,BOUHANIFIA,IIA
MASCARA,BOUHENNI,IIA
MASCARA,CHORFA,IIA
MASCARA,EL BORDJ,IIA
MASCARA,EL GAADA,IIA
MASCARA,EL GHOMRI,IIA
MASCARA,EL GUEITNA,IIA
MASCARA,EL HACHEM,IIA
MASCARA,EL KEURT,IIA
MASCARA,EL MAMOUNIA,IIA
MASCARA,EL MENAOUER,IIA
MASCARA,FERRAGUIG,IIA
MASCARA,FROHA,IIA
MASCARA,GHARROUS,IIA
MASCARA,GHRISS,IIA
MASCARA,GUERDJOUM,IIA
MASCARA,HACINE,IIA
MASCARA,KHALOUIA,IIA
MASCARA,MAKDA,IIA
MASCARA,MAOUSSA,IIA
MASCARA,MASCARA,IIA
MASCARA,MATMORE,IIA
MASCARA,MOCTADOUZ,IIA
MASCARA,MOHAMMADIA,IIA
MASCARA,NESMOTH,IIA
MASCARA,OGGAZ,IIA
MASCARA,OUED EL ABTAL,IIA
MASCARA,OUED TAGHIA,IIA
MASCARA,RAS EL AIN AMIROUCHE,IIA
MASCARA,SEDJERARA,IIA
MASCARA,SEHAILIA,IIA
MASCARA,SIDI ABDELDJABAR,IIA
MASCARA,SIDI ABDELMOUMENE,IIA
MASCARA,SIDI BOUSSAID,IIA
MASCARA,SIDI KADA,IIA
MASCARA,SIG,IIA
MASCARA,TIGHENNIF,IIA
MASCARA,TIZI,IIA
MASCARA,ZAHANA,IIA
MASCARA,ZELMATA,IIA
MEDEA,AIN BOUCIF,IIA
MEDEA,AIN OUKSIR,IIA
MEDEA,AISSAOUIA,IIA
MEDEA,AZIZ,IIA
MEDEA,BAATA,IIA
MEDEA,BEN CHICAO,IIA
MEDEA,BENI SLIMANE,IIA
MEDEA,BERROUAGHIA,IIA
MEDEA,BIR BEN ABED,IIA
MEDEA,BOGHAR,IIA
MEDEA,BOUAICHE,IIA
MEDEA,BOUAICHOUNE,IIA
MEDEA,BOUCHRAHIL,IIA
MEDEA,BOUGHZOUL,IIA
MEDEA,BOUSKENE,IIA
MEDEA,CHAHBOUNIA,IIA
MEDEA,CHELLALAT EL ADHAOURA,IIA
MEDEA,CHENIGUEL,IIA
MEDEA,DERRAG,IIA
MEDEA,DEUX BASSINS,IIB
MEDEA,DJOUAB,IIA
MEDEA,DRAA ESSMAR,IIA
MEDEA,EL AOUINET,IIA
MEDEA,EL AZIZIA,IIA
MEDEA,EL GUELBELKEBIR,IIA
MEDEA,EL HAMDANIA,IIB
MEDEA,EL OMARIA,IIA
MEDEA,HANNACHA,IIA
MEDEA,KEF LAKHDAR,IIA
MEDEA,KHAMS DJOUAMAA,IIA
MEDEA,KSAR EL BOUKHARI,IIA
MEDEA,M'FATHA,IIA
MEDEA,MAGHRAOUA,IIA
MEDEA,MEDEA,IIA
MEDEA,MEZRENNA,IIB
MEDEA,MIHOUB,IIA
MEDEA,MOUDJEBEUR,IIB
MEDEA,OUAMRI,IIA
MEDEA,OUED HARBIL,IIA
MEDEA,OULED ANTAR,IIA
MEDEA,OULED BOUACHRA,IIA
MEDEA,OULED BRAHIM,IIA
MEDEA,OULED DEIDE,IIA
MEDEA,OULED HELLAL,IIA
MEDEA,OULED MAAREF,IIA
MEDEA,OUM EL DJALIL,IIA
MEDEA,OUZERA,IIA
MEDEA,REBAIA,IIA
MEDEA,SANEG,IIA
MEDEA,SEDRAIA,IIA
MEDEA,SEGHOUANE,IIA
MEDEA,SI MAHDJOUB,IIA
MEDEA,SIDI DAMED,IIA
MEDEA,SIDI ERRABIA,IIA
MEDEA,SIDI NAAMANE,IIA
MEDEA,SIDI ZAHAR,IIA
MEDEA,SIDI ZIANE,IIA
MEDEA,SOUAGUI,IIA
MEDEA,TABLAT,IIA
MEDEA,TAFRAOUT,IIA
MEDEA,TAMESGUIDA,IIB
MEDEA,TIZI MAHDI,IIA
MEDEA,TLATET ED DOUAIR,IIA
MEDEA,ZOUBIRIA,IIA
MILA,AHMED RACHDI,IIA
MILA,AIN BEIDA HARRICHE,IIA
MILA,AIN MELLOUK,IIA
MILA,AIN TINE,IIA
MILA,AMIRA ARRES,IIA
MILA,BENYAHIA ABDERRAHMANE,IIA
MILA,BOUHATEM,IIA
MILA,CHELGHOUM LAID,IIA
MILA,CHERAGA,IIA
MILA,DERRADJI BOUSSELAH,IIA
MILA,EL AYADI BARBES,IIA
MILA,EL M'CHIRA,IIA
MILA,FERDJIOUA,IIA
MILA,GRAREM GOUGA,IIA
MILA,HAMALA,IIA
MILA,MILA,IIA
MILA,MINAR ZARZA,IIA
MILA,OUED ATHMANIA,IIA
MILA,OUED ENDJA,IIA
MILA,OUED SEGUEN,IIA
MILA,OULED KHELLOUF,IIA
MILA,ROUACHED,IIA
MILA,SIDI KHELIFA,IIA
MILA,SIDI MEROUANE,IIA
MILA,TADJENANET,IIA
MILA,TASSADANE HADDADA,IIA
MILA,TASSALA LEMTAI,IIA
MILA,TELAGHMA,IIA
MILA,TERRAI BAINEM,IIA
MILA,TIBERGUENT,IIA
MILA,YAHIA BENI GUECHA,IIA
MILA,ZEGHAIA,IIA
MOSTAGANEM,ABDELMALEK RAMDANE,IIA
MOSTAGANEM,ACHAACHA,IIA
MOSTAGANEM,AIN BOUDINAR,IIA
MOSTAGANEM,AIN NOUISSI,IIA
MOSTAGANEM,AIN SIDI CHERIF,IIA
MOSTAGANEM,AIN TEDLES,IIA
MOSTAGANEM,BOUGUIRAT,IIA
MOSTAGANEM,EL HESSIANE,IIA
MOSTAGANEM,FORNAKA,IIA
MOSTAGANEM,HADJADJ,IIA
MOSTAGANEM,HASSI MAAMECHE,IIA
MOSTAGANEM,KHADRA,IIA
MOSTAGANEM,KHEIR EDDINE,IIA
MOSTAGANEM,MANSOURAH,IIA
MOSTAGANEM,MESRA,IIA
MOSTAGANEM,MEZAGHRANE,IIA
MOSTAGANEM,MOSTAGANEM,IIA
MOSTAGANEM,NEKMARIA,IIA
MOSTAGANEM,OUED EL KHEIR,IIA
MOSTAGANEM,OULED BOUGHALEM,IIA
MOSTAGANEM,OULED MAALAH,IIB
MOSTAGANEM,SAFSAF,IIA
MOSTAGANEM,SAYADA,IIA
MOSTAGANEM,SIDI ALI,IIA
MOSTAGANEM,SIDI BELATTAR,IIA
MOSTAGANEM,SIDI LAKHDAR,IIB
MOSTAGANEM,SIRAT,IIA
MOSTAGANEM,SOUAFLIA,IIA
MOSTAGANEM,SOUR,IIA
MOSTAGANEM,STIDIA,IIA
MOSTAGANEM,TAZGAIT,IIB
MOSTAGANEM,TOUAHRIA,IIA
M'SILA,AIN EL HADJEL,I
M'SILA,AIN EL MELH,I
M'SILA,AIN ERRICH,I
M'SILA,AIN FARES,I
M'SILA,AIN KHADRA,IIA
M'SILA,BELAIBA,IIA
M'SILA,BEN SROUR,I
M'SILA,BENI ILMENE,IIA
M'SILA,BENZOUH,I
M'SILA,BERHOUM,IIA
M'SILA,BIR FODDA,I
M'SILA,BOUSAADA,I
M'SILA,BOUTI SAYEH,I
M'SILA,CHELLAL,I
M'SILA,DEHAHNA,IIA
M'SILA,DJEBEL MESSAAD,I
M'SILA,EL HAMEL,I
M'SILA,EL HOUAMED,I
M'SILA,HAMMAM DHALAA,IIA
M'SILA,KHETTOUTI SED EL DJIR,I
M'SILA,KHOUBANA,I
M'SILA,M'CIF,I
M'SILA,M'SILA,IIA
M'SILA,M'TARFA,IIA
M'SILA,MAADID,IIA
M'SILA,MAARIF,I
M'SILA,MAGRA,IIA
M'SILA,MEDJEDEL,I
M'SILA,MENAA,I
M'SILA,MOHAMED BOUDIAF,I
M'SILA,OUENOUGHA,IIA
M'SILA,OULED ADDI GUEBALA,I
M'SILA,OULED DERRADJ,IIA
M'SILA,OULED MADHI,IIA
M'SILA,OULED MANSOUR,IIA
M'SILA,OULED SIDI BRAHIM,I
M'SILA,OULED SLIMANE,I
M'SILA,OULTENE,I
M'SILA,SIDI AISSA,I
M'SILA,SIDI AMEUR,I
M'SILA,SIDI HADJERES,I
M'SILA,SIDI M'HAMED,I
M'SILA,SLIM,I
M'SILA,SOUMAA,I
M'SILA,TAMSA,I
M'SILA,TARMOUNT,IIA
M'SILA,ZERZOUR,I
NAAMA,AIN BEN KHELIL,I
NAAMA,AIN SEFRA,I
NAAMA,ASLA,I
NAAMA,DJENIEN BOUREZG,I
NAAMA,EL BIOD,I
NAAMA,KASDIR,I
NAAMA,MECHRIA,I
NAAMA,MEKMEN BEN AMAR,I
NAAMA,MOGHRAR,I
NAAMA,NAAMA,I
NAAMA,SFISSIFA,I
NAAMA,TIOUT,I
ORAN,AIN BIYA,IIA
ORAN,AIN KERMA,IIA
ORAN,AIN TURK,IIA
ORAN,ARZEW,IIA
ORAN,BEN FREHA,IIA
ORAN,BETHIOUA,IIA
ORAN,BIR EL DJIR,IIA
ORAN,BOUFATIS,IIA
ORAN,BOUSFER,IIA
ORAN,BOUTLELIS,IIA
ORAN,EL ANCOR,IIA
ORAN,EL BRAYA,IIA
ORAN,EL KARMA,IIA
ORAN,ES SENIA,IIA
ORAN,GDYEL,IIA
ORAN,HASSI BEN OKBA,IIA
ORAN,HASSI BOUNIF,IIA
ORAN,HASSI MEFSOUKH,IIA
ORAN,MARSAT EL HADJADJ,IIA
ORAN,MERS EL KEBIR,IIA
ORAN,MISSERGHIN,IIA
ORAN,ORAN,IIA
ORAN,OUED TLELAT,IIA
ORAN,SIDI BEN YABKA,IIA
ORAN,SIDI CHAMI,IIA
ORAN,TAFRAOUI,IIA
OUARGLA,AIN BEIDA,0
OUARGLA,BALIDAT AMEUR,0
OUARGLA,BENACEUR,0
OUARGLA,EL ALLIA,0
OUARGLA,EL BORMA,0
OUARGLA,EL HADJIRA,0
OUARGLA,HASSI BEN ABDELLAH,0
OUARGLA,HASSI MESSAOUD,0
OUARGLA,M'NAGUER,0
OUARGLA,MEGARINE,0
OUARGLA,N'GOUSSA,0
OUARGLA,NEZLA,0
OUARGLA,OUARGLA,0
OUARGLA,ROUISSAT,0
OUARGLA,SIDI KHOUILED,0
OUARGLA,SIDI SLIMANE,0
OUARGLA,TAIBET,0
OUARGLA,TAMACINE,0
OUARGLA,TEBESBEST,0
OUARGLA,TOUGGOURT,0
OUARGLA,ZAOUIA EL ABIDIA,0
OUM EL BOUAGHI,AIN BABOUCHE,I
OUM EL BOUAGHI,AIN BEIDA,I
OUM EL BOUAGHI,AIN DISS,I
OUM EL BOUAGHI,AIN FAKROUN,I
OUM EL BOUAGHI,AIN KERCHA,I
OUM EL BOUAGHI,AIN M'LILA,I
OUM EL BOUAGHI,AIN ZITOUN,I
OUM EL BOUAGHI,BEHIR CHERGUI,I
OUM EL BOUAGHI,BERRICHE,I
OUM EL BOUAGHI,BIR CHOUHADA,I
OUM EL BOUAGHI,DHALAA,I
OUM EL BOUAGHI,EL AMIRIA,I
OUM EL BOUAGHI,EL BELALA,I
OUM EL BOUAGHI,EL DJEZIA,I
OUM EL BOUAGHI,EL FEDJOUDJ BOUGHRARA SAO,I
OUM EL BOUAGHI,EL HARMILIA,I
OUM EL BOUAGHI,EL ZORG,I
OUM EL BOUAGHI,FKIRINA,I
OUM EL BOUAGHI,HANCHIR TOUMGHANI,I
OUM EL BOUAGHI,KSAR SBAHI,I
OUM EL BOUAGHI,MESKIANA,I
OUM EL BOUAGHI,OUED NINI,I
OUM EL BOUAGHI,OULED GACEM,I
OUM EL BOUAGHI,OULED HAMLA,I
OUM EL BOUAGHI,OULED ZOUAI,I
OUM EL BOUAGHI,OUM EL BOUAGHI,I
OUM EL BOUAGHI,REHIA,I
OUM EL BOUAGHI,SIGUS,I
OUM EL BOUAGHI,SOUK NAAMANE,I
RELIZANE,AIN RAHMA,IIA
RELIZANE,AIN TAREK,IIA
RELIZANE,AMMI MOUSSA,IIA
RELIZANE,BELAASSEL BOUZEGZA,IIA
RELIZANE,BEN DAOUD,IIA
RELIZANE,BENI DERGOUN,IIA
RELIZANE,BENI ZENTIS,IIB
RELIZANE,DAR BEN ABDELLAH,IIA
RELIZANE,DJIDIOUIA,IIB
RELIZANE,EL GUETTAR,IIA
RELIZANE,EL H'MADNA,IIA
RELIZANE,EL HAMRI,IIA
RELIZANE,EL HASSI,IIA
RELIZANE,EL MATMAR,IIA
RELIZANE,EL OUELDJA,IIA
RELIZANE,HAD CHEKKALA,IIA
RELIZANE,KALAA,IIA
RELIZANE,LAHLEF,IIA
RELIZANE,MAZOUNA,IIA
RELIZANE,MEDIOUNA,IIA
RELIZANE,MENDES,IIA
RELIZANE,MERDJET SIDI ABED,IIB
RELIZANE,OUARIZANE,IIA
RELIZANE,OUED EL DJEMAA,IIA
RELIZANE,OUED ESSALEM,IIA
RELIZANE,OUED RHIOU,IIB
RELIZANE,OULED SIDI MIHOUB,IIA
RELIZANE,OULED YAICH,IIA
RELIZANE,RAMKA,IIA
RELIZANE,RELIZANE,IIA
RELIZANE,SIDI KHETTAB,IIA
RELIZANE,SIDI LAZREG,IIA
RELIZANE,SIDI M'HAMED BEN ALI,IIA
RELIZANE,SIDI M'HAMED BENAOUDA,IIA
RELIZANE,SIDI SAADA,IIA
RELIZANE,SOUK EL HAD,IIA
RELIZANE,YELLEL,IIA
RELIZANE,ZEMMOURA,IIA
SAIDA,AIN EL HADJAR,I
SAIDA,AIN SKHOUNA,I
SAIDA,AIN SOLTANE,I
SAIDA,DOUI THABET,I
SAIDA,EL HASSASNA,I
SAIDA,HOUNET,I
SAIDA,MAAMORA,I
SAIDA,MOULAY LARBI,I
SAIDA,OULED BRAHIM,I
SAIDA,OULED KHALED,I
SAIDA,SAIDA,I
SAIDA,SIDI AHMED,I
SAIDA,SIDI AMAR,I
SAIDA,SIDI BOUBEKEUR,I
SAIDA,TIRCINE,I
SAIDA,YOUB,I
SETIF,AIN ABESSA,IIA
SETIF,AIN ARNAT,IIA
SETIF,AIN AZAL,IIA
SETIF,AIN EL KEBIRA,IIA
SETIF,AIN LAGRADJ,IIA
SETIF,AIN LAHDJAR,IIA
SETIF,AIN OULMANE,IIA
SETIF,AIN ROUA,IIA
SETIF,AIN SEBT,IIA
SETIF,AIT TIZI,IIA
SETIF,AMOUCHA,IIA
SETIF,BABOR,IIA
SETIF,BAZER SAKRA,IIA
SETIF,BEIDHA BORDJ,IIA
SETIF,BELLAA,IIA
SETIF,BENI AZIZ,IIA
SETIF,BENI CHEBANA,IIA
SETIF,BENI FOUDA,IIA
SETIF,BENI HOCINE,IIA
SETIF,BENI MOUHLI,IIA
SETIF,BENI OUARTILANE,IIA
SETIF,BIR EL ARCH,IIA
SETIF,BIR HADDADA,IIA
SETIF,BOUANDAS,IIA
SETIF,BOUGAA,IIA
SETIF,BOUSSELAM,IIA
SETIF,BOUTALEB,IIA
SETIF,DEHAMCHA,IIA
SETIF,DJEMILA,IIA
SETIF,DRAA KEBILA,IIA
SETIF,EL EULMA,IIA
SETIF,EL OUELDJA,IIA
SETIF,EL OURICIA,IIA
SETIF,GUELLAL,IIA
SETIF,GUELTA ZERGA,IIA
SETIF,GUENZET TASSAMEURT,IIA
SETIF,GUIDJEL,IIA
SETIF,HAMMA,IIA
SETIF,HAMMAM GUERGOUR,IIA
SETIF,HAMMAM SKHOUNA,IIA
SETIF,HARBIL,IIA
SETIF,KSAR EL ABTAL,IIA
SETIF,M'ZADA,IIA
SETIF,MAAOUIA,IIA
SETIF,MAOUKLANE,IIA
SETIF,MEZLOUG,IIA
SETIF,OUED EL BARED,IIA
SETIF,OULED ADDOUANE,IIA
SETIF,OULED SABOR,IIA
SETIF,OULED SIDI AHMED,IIA
SETIF,OULED TEBBEN,IIA
SETIF,ROSFA,IIA
SETIF,SALAH BEY,IIA
SETIF,SERDJ EL GHOUL,IIA
SETIF,SETIF,IIA
SETIF,TACHOUDA,IIA
SETIF,TALA IFACENE,IIA
SETIF,TAYA,IIA
SETIF,TELLA,IIA
SETIF,TIZI N'BECHAR,IIA
SIDI BEL ABBES,AIN ADDEN,I
SIDI BEL ABBES,AIN EL BERD,I
SIDI BEL ABBES,AIN KADA,I
SIDI BEL ABBES,AIN THRID,I
SIDI BEL ABBES,AIN TINDAMINE,I
SIDI BEL ABBES,AMARNAS,I
SIDI BEL ABBES,BEDRABINE EL MOKRANI,I
SIDI BEL ABBES,BELARBI,I
SIDI BEL ABBES,BEN BADIS,I
SIDI BEL ABBES,BENACHIBA CHELIA,I
SIDI BEL ABBES,BIR EL H'MAM,I
SIDI BEL ABBES,BOUDJEBAA EL BORDJ,I
SIDI BEL ABBES,BOUKANEFIS,I
SIDI BEL ABBES,CHETOUANE BELAILA,I
SIDI BEL ABBES,DHAYA,I
SIDI BEL ABBES,EL HACAIBA,I
SIDI BEL ABBES,HASSI DAHO,I
SIDI BEL ABBES,HASSI ZAHANA,I
SIDI BEL ABBES,LAMTAR,I
SIDI BEL ABBES,M'CID,I
SIDI BEL ABBES,MAKEDRA,I
SIDI BEL ABBES,MARHOUM,I
SIDI BEL ABBES,MERINE,I
SIDI BEL ABBES,MEZAOUROU,I
SIDI BEL ABBES,MOSTEFA BEN BRAHIM,I
SIDI BEL ABBES,MOULAY SLISSEN,I
SIDI BEL ABBES,OUED SBAA,I
SIDI BEL ABBES,OUED SEFIOUN,I
SIDI BEL ABBES,OUED TAOURIRA,I
SIDI BEL ABBES,RAS EL MA,I
SIDI BEL ABBES,REDJEM DEMMOUCHE,I
SIDI BEL ABBES,SEHALA THAOURA,I
SIDI BEL ABBES,SFISEF,I
SIDI BEL ABBES,SIDI ALI BENYOUB,I
SIDI BEL ABBES,SIDI ALI BOUSSIDI,I
SIDI BEL ABBES,SIDI BEL ABBES,I
SIDI BEL ABBES,SIDI BRAHIM,I
SIDI BEL ABBES,SIDI CHAIB,I
SIDI BEL ABBES,SIDI DAHO,I
SIDI BEL ABBES,SIDI HAMADOUCHE,I
SIDI BEL ABBES,SIDI KHALED,I
SIDI BEL ABBES,SIDI LAHCENE,I
SIDI BEL ABBES,SIDI YACOUB,I
SIDI BEL ABBES,TABIA,I
SIDI BEL ABBES,TAFISSOUR,I
SIDI BEL ABBES,TAOUDMOUT,I
SIDI BEL ABBES,TEGHALIMET,I
SIDI BEL ABBES,TELAGH,I
SIDI BEL ABBES,TENIRA,I
SIDI BEL ABBES,TESSALA,I
SIDI BEL ABBES,TILMOUNI,I
SIDI BEL ABBES,ZEROUALA,I
SKIKDA,AIN BOUZIANE,IIA
SKIKDA,AIN CHERCHAR,IIA
SKIKDA,AIN KECHRA,IIA
SKIKDA,AIN ZOUIT,IIA
SKIKDA,AZZABA,IIA
SKIKDA,BEKKOUCHE LAKHDAR,IIA
SKIKDA,BEN AZZOUZ,IIA
SKIKDA,BENI BACHIR,IIA
SKIKDA,BENI OULBANE,IIA
SKIKDA,BENI ZID,IIA
SKIKDA,BIR EL OUIDEN,IIA
SKIKDA,BOUCHTATA,IIA
SKIKDA,CHERAIA,IIA
SKIKDA,COLLO,IIA
SKIKDA,DJENDEL SAADI MOHAMED,IIA
SKIKDA,EL GHEDIR,IIA
SKIKDA,EL HADAIEK,IIA
SKIKDA,EL HARROUCH,IIA
SKIKDA,EL MARSA,IIA
SKIKDA,EMDJEZ EDCHICH,IIA
SKIKDA,ES SEBT,IIA
SKIKDA,FIL FILA,IIA
SKIKDA,HAMADI KROUMA,IIA
SKIKDA,KANOUA,IIA
SKIKDA,KERKERA,IIA
SKIKDA,KHENG MAYOUM,IIA
SKIKDA,OUED ZHOUR,IIA
SKIKDA,OULDJA BOULBELLOUT,IIA
SKIKDA,OULED ATTIA,IIA
SKIKDA,OULED HEBABA,IIA
SKIKDA,OUM TOUB,IIA
SKIKDA,RAMDANE DJAMEL,IIA
SKIKDA,SALAH BOUCHAOUR,IIA
SKIKDA,SIDI MEZGHICHE,IIA
SKIKDA,SKIKDA,IIA
SKIKDA,TAMALOUS,IIA
SKIKDA,ZERDEZAS,IIA
SKIKDA,ZITOUNA,IIA
SOUK-AHRAS,AIN SOLTANE,I
SOUK-AHRAS,AIN ZANA,I
SOUK-AHRAS,BIR BOU HAOUCH,I
SOUK-AHRAS,DREA,I
SOUK-AHRAS,HADDADA,I
SOUK-AHRAS,HANANCHA,I
SOUK-AHRAS,KHEDARA,I
SOUK-AHRAS,KHEMISSA,I
SOUK-AHRAS,M'DAOUROUCHE,I
SOUK-AHRAS,MECHROHA,I
SOUK-AHRAS,MERAHNA,I
SOUK-AHRAS,OUED KEBERIT,I
SOUK-AHRAS,OULED DRISS,I
SOUK-AHRAS,OULED MOUMEN,I
SOUK-AHRAS,OUM EL ADHAIM,I
SOUK-AHRAS,QUILLEN,I
SOUK-AHRAS,RAGGOUBA,I
SOUK-AHRAS,SAFEL EL OUIDEN,I
SOUK-AHRAS,SEDRATA,I
SOUK-AHRAS,SIDI FREDJ,I
SOUK-AHRAS,SOUK-AHRAS,I
SOUK-AHRAS,TAOURA,I
SOUK-AHRAS,TERRAGUELT,I
SOUK-AHRAS,TIFFECH,I
SOUK-AHRAS,ZAAROURIA,I
SOUK-AHRAS,ZOUABI,I
TAMANRASSET,ABALESSA,0
TAMANRASSET,FOUGGARAT EZ ZOUAIA,0
TAMANRASSET,IDLES,0
TAMANRASSET,IN AMGUEL,0
TAMANRASSET,IN GHAR,0
TAMANRASSET,IN GUEZZAM,0
TAMANRASSET,IN SALAH,0
TAMANRASSET,TAMANRASSET,0
TAMANRASSET,TAZROUK,0
TAMANRASSET,TIN ZAOUATINE,0
TEBESSA,AIN ZERGA,I
TEBESSA,BEDJENE,I
TEBESSA,BEKKARIA,I
TEBESSA,BIR DHEHEB,I
TEBESSA,BIR EL ATER,I
TEBESSA,BIR MOKADEM,I
TEBESSA,BOUKHADRA,I
TEBESSA,BOULHAF DYR,I
TEBESSA,CHERIA,I
TEBESSA,EL AOUINET,I
TEBESSA,EL HOUIDJBET,I
TEBESSA,EL KOUIF,I
TEBESSA,EL MA LABIOD,I
TEBESSA,EL MAZERAA,I
TEBESSA,EL MERIDJ,I
TEBESSA,EL OGLA,I
TEBESSA,EL OGLA EL MALHA,I
TEBESSA,EL OUENZA,I
TEBESSA,FERKANE,I
TEBESSA,GOURIGUEUR,I
TEBESSA,HAMMAMET,I
TEBESSA,MORSOT,I
TEBESSA,NEGRINE,I
TEBESSA,OUM ALI,I
TEBESSA,SAFSAF EL OUESRA,I
TEBESSA,STAH GUENTIS,I
TEBESSA,TEBESSA,I
TEBESSA,THLIDJENE,I
TINDOUF,OUM EL ASSEL,0
TINDOUF,TINDOUF,0
TIARET,AIN BOUCHEKIF,I
TIARET,AIN DEHEB,I
TIARET,AIN EL HADID,I
TIARET,AIN KERMES,I
TIARET,AIN ZARIT,I
TIARET,BOUGARA,I
TIARET,CHEHAIMA,I
TIARET,DAHMOUNI,I
TIARET,DJEBILET ROSFA,I
TIARET,DJILLALI BEN AMAR,I
TIARET,FAIDJA,I
TIARET,FRENDA,I
TIARET,GUERTOUFA,I
TIARET,HAMADIA,I
TIARET,KSAR CHELLALA,I
TIARET,MACHRAA SFA,I
TIARET,MADNA,I
TIARET,MAHDIA,I
TIARET,MEDRISSA,I
TIARET,MEDROUSSA,I
TIARET,MEGHILA,I
TIARET,MELLAKOU,I
TIARET,NADORAH,I
TIARET,NAIMA,I
TIARET,OUED LILLI,I
TIARET,RAHOUIA,I
TIARET,RECHAIGA,I
TIARET,SEBAINE,I
TIARET,SEBT,I
TIARET,SERGHINE,I
TIARET,SIDI ABDELGHANI,I
TIARET,SIDI ABDERRAHMANE,I
TIARET,SIDI ALI MELLAL,I
TIARET,SIDI BAKHTI,I
TIARET,SIDI HOSNI,I
TIARET,SOUGUEUR,I
TIARET,TAGDEMT,I
TIARET,TAKHMARET,I
TIARET,TIARET,I
TIARET,TIDDA,I
TIARET,TOUSNINA,I
TIARET,ZMALET EMIR ABDELKADER,I
TIPAZA,AGHBAL,III
TIPAZA,AHMER EL AIN,III
TIPAZA,AIN TAGOURAIT,III
TIPAZA,BENI MILLEUK,III
TIPAZA,BOU ISMAIL,III
TIPAZA,BOUHAROUN,III
TIPAZA,BOURKIKA,III
TIPAZA,CHAIBA,III
TIPAZA,CHERCHEL,III
TIPAZA,DAMOUS,III
TIPAZA,DOUAOUDA,III
TIPAZA,FOUKA,III
TIPAZA,GOURAYA,III
TIPAZA,HADJERET ENNOUS,III
TIPAZA,HADJOUT,III
TIPAZA,HATTATBA,III
TIPAZA,KHEMISTI,III
TIPAZA,KOLEA,III
TIPAZA,LARHAT,III
TIPAZA,MENACEUR,III
TIPAZA,MESSELMOUN,III
TIPAZA,MEURAD,III
TIPAZA,NADOR,III
TIPAZA,SIDI AMAR,III
TIPAZA,SIDI GHILES,III
TIPAZA,SIDI RACHED,III
TIPAZA,SIDI SEMIANE,III
TIPAZA,TIPAZA,III
TISSEMSILT,AMMARI,IIA
TISSEMSILT,BENI CHAIB,IIA
TISSEMSILT,BENI LAHCENE,IIA
TISSEMSILT,BORDJ BOUNAAMA,IIA
TISSEMSILT,BORDJ EL EMIR ABDELKADER,IIA
TISSEMSILT,BOUCAID,IIA
TISSEMSILT,KHEMISTI,IIA
TISSEMSILT,LARBAA,IIA
TISSEMSILT,LARDJEM,IIA
TISSEMSILT,LAYOUNE,IIA
TISSEMSILT,LAZHARIA,IIA
TISSEMSILT,MAACEM,IIA
TISSEMSILT,MELAAB,IIA
TISSEMSILT,OULED BESSEM,IIA
TISSEMSILT,SIDI ABED,IIA
TISSEMSILT,SIDI BOUTOUCHENT,IIA
TISSEMSILT,SIDI LANTRI,IIA
TISSEMSILT,SIDI SLIMANE,IIA
TISSEMSILT,TAMALAHT,IIA
TISSEMSILT,THENIET EL HAD,IIA
TISSEMSILT,TISSEMSILT,IIA
TISSEMSILT,YOUSSOUFIA,IIA
TIZI OUZOU,ABI YOUCEF,IIA
TIZI OUZOU,AGHNI GOUGHRAN,IIA
TIZI OUZOU,AGHRIB,IIA
TIZI OUZOU,AIN EL HAMMAM,IIA
TIZI OUZOU,AIN ZAOUIA,IIA
TIZI OUZOU,AIT AGGOUACHA,IIA
TIZI OUZOU,AIT AISSA MIMOUN,IIA
TIZI OUZOU,AIT BOUADOU,IIA
TIZI OUZOU,AIT BOUMAHDI,IIA
TIZI OUZOU,AIT CHAFFAA,IIA
TIZI OUZOU,AIT KHELILI,IIA
TIZI OUZOU,AIT MAHMOUD,IIA
TIZI OUZOU,AIT OUMALOU,IIA
TIZI OUZOU,AIT TOUDERT,IIA
TIZI OUZOU,AIT YAHIA,IIA
TIZI OUZOU,AIT YAHIA MOUSSA,IIA
TIZI OUZOU,AKBIL,IIA
TIZI OUZOU,AKERROU,IIA
TIZI OUZOU,ASSI YOUCEF,IIA
TIZI OUZOU,AZAZGA,IIA
TIZI OUZOU,AZEFFOUN,IIA
TIZI OUZOU,BENI AISSI,IIA
TIZI OUZOU,BENI DOUALA,IIA
TIZI OUZOU,BENI YENNI,IIA
TIZI OUZOU,BENI ZIKI,IIA
TIZI OUZOU,BENI ZMENZER,IIA
TIZI OUZOU,BOGHNI,IIA
TIZI OUZOU,BOUDJIMA,IIA
TIZI OUZOU,BOUNOUH,IIA
TIZI OUZOU,BOUZGUEN,IIA
TIZI OUZOU,DRAA BEN KHEDDA,IIA
TIZI OUZOU,DRAA EL MIZAN,IIA
TIZI OUZOU,FREHA,IIA
TIZI OUZOU,FRIKAT,IIA
TIZI OUZOU,IBOUDRAREN,IIA
TIZI OUZOU,IDJEUR,IIA
TIZI OUZOU,IFERHOUNENE,IIA
TIZI OUZOU,IFIGHA,IIA
TIZI OUZOU,IFLISSEN,IIA
TIZI OUZOU,ILLILTEN,IIA
TIZI OUZOU,ILOULA OUMALOU,IIA
TIZI OUZOU,IMSOUHAL,IIA
TIZI OUZOU,IRDJEN,IIA
TIZI OUZOU,LARBA NAIT IRATHEN,IIA
TIZI OUZOU,M'KIRA,IIA
TIZI OUZOU,MAATKA,IIA
TIZI OUZOU,MAKOUDA,IIA
TIZI OUZOU,MECHTRASS,IIA
TIZI OUZOU,MEKLA,IIA
TIZI OUZOU,MIZRANA,IIB
TIZI OUZOU,OUACIF,IIA
TIZI OUZOU,OUADHIA,IIA
TIZI OUZOU,OUAGUENOUN,IIA
TIZI OUZOU,SIDI NAAMANE,IIA
TIZI OUZOU,SOUAMAA,IIA
TIZI OUZOU,SOUK EL TENINE,IIA
TIZI OUZOU,TADMAIT,IIA
TIZI OUZOU,TIGZIRT,IIA
TIZI OUZOU,TIMIZART,IIA
TIZI OUZOU,TIRMITINE,IIA
TIZI OUZOU,TIZI GHENIF,IIA
TIZI OUZOU,TIZI N'THLETA,IIA
TIZI OUZOU,TIZI OUZOU,IIA
TIZI OUZOU,TIZI RACHED,IIA
TIZI OUZOU,YAKOUREN,IIA
TIZI OUZOU,YATAFEN,IIA
TIZI OUZOU,ZEKRI,IIA
TLEMCEN,AIN FETAH,I
TLEMCEN,AIN FEZZA,I
TLEMCEN,AIN GHORABA,I
TLEMCEN,AIN KEBIRA,I
TLEMCEN,AIN NEHALA,I
TLEMCEN,AIN TALLOUT,I
TLEMCEN,AIN YOUCEF,I
TLEMCEN,AMIEUR,I
TLEMCEN,AZAILS,I
TLEMCEN,BAB EL ASSA,I
TLEMCEN,BENI BAHDEL,I
TLEMCEN,BENI BOUSSAID,I
TLEMCEN,BENI KHELLAD,I
TLEMCEN,BENI MESTER,I
TLEMCEN,BENI OUARSOUS,I
TLEMCEN,BENI SEMIEL,I
TLEMCEN,BENI SNOUS,I
TLEMCEN,BENSEKRANE,I
TLEMCEN,BOUHLOU,I
TLEMCEN,CHETOUANE,I
TLEMCEN,DAR YAGHMOURASSENE,I
TLEMCEN,DJEBALA,I
TLEMCEN,EL ARICHA,I
TLEMCEN,EL BOUIHI,I
TLEMCEN,EL FEHOUL,I
TLEMCEN,EL GOR,I
TLEMCEN,FELLAOUCENE,I
TLEMCEN,GHAZAOUET,I
TLEMCEN,HAMMAM BOUGHRARA,I
TLEMCEN,HENAYA,I
TLEMCEN,HONAINE,I
TLEMCEN,M'SIRDA FOUAGA,I
TLEMCEN,MAGHNIA,I
TLEMCEN,MANSOURAH,I
TLEMCEN,MERSA BEN M'HIDI,I
TLEMCEN,NEDROMA,I
TLEMCEN,OUED CHOULY,I
TLEMCEN,OULED MIMOUN,I
TLEMCEN,OULED RIAH,I
TLEMCEN,REMCHI,I
TLEMCEN,SABRA,I
TLEMCEN,SEBAA CHIOUKH,I
TLEMCEN,SEBDOU,I
TLEMCEN,SIDI ABDELLI,I
TLEMCEN,SIDI DJILLALI,I
TLEMCEN,SIDI MEDJAHED,I
TLEMCEN,SOUAHLIA,I
TLEMCEN,SOUANI,I
TLEMCEN,SOUK THLATA,I
TLEMCEN,TERNI BENI HEDIEL,I
TLEMCEN,TIENET,I
TLEMCEN,TLEMCEN,I
TLEMCEN,ZENATA,I
