wilaya_code,wilaya_name,commune_name,zone
01,ADRAR,1 - ADRAR,0
01,ADRAR,13 - OULED AHMED TIMI,0
01,ADRAR,17 - SALI,0
01,ADRAR,2 - AKABILI,0
01,ADRAR,20 - TAMENTIT,0
01,ADRAR,21 - TAMEST,0
01,ADRAR,24 - TIMOKTEN,0
01,ADRAR,26 - TIT,0
01,ADRAR,4 - AOULEF,0
01,ADRAR,6 - BOUDA,0
01,ADRAR,8 - FENOUGHIL,0
01,ADRAR,IN ZGHMIR,0
01,ADRAR,REGGANE,0
01,ADRAR,SEBAA,0
01,ADRAR,TSABIT,0
01,ADRAR,ZAOUIET KOUNTA,0
02,CHLEF,474 - ABOU EL HASSEN,III
02,CHLEF,475 - AIN MERANE,III
02,CHLEF,476 - BENAIRIA,III
02,CHLEF,478 - BENI HAOUA,III
02,CHLEF,479 - BENI RACHED,III
02,CHLEF,480 - BOUKADIR,III
02,CHLEF,480 - BOUKADIR,IIb
02,CHLEF,481 - BOUZEGHAIA,III
02,CHLEF,483 - CHETTIA,III
02,CHLEF,484 - CHLEF,III
02,CHLEF,485 - DAHRA,III
02,CHLEF,486 - EL HADJADJ,III
02,CHLEF,487 - EL KARIMIA,III
02,CHLEF,487 - EL KARIMIA,IIb
02,CHLEF,491 - LABIODH MEDJADJA,III
02,CHLEF,493 - OUED FODDA,III
02,CHLEF,494 - OUED GHOUSSINE,III
02,CHLEF,495 - OUED SLY,III
02,CHLEF,495 - OUED SLY,IIb
02,CHLEF,496 - OULED ABBES,III
02,CHLEF,497 - OULED BEN ABDELKADER,III
02,CHLEF,497 - OULED BEN ABDELKADER,IIa
02,CHLEF,498 - OULED FARES,III
02,CHLEF,499 - OUM DROU,III
02,CHLEF,500 - SENDJAS,III
02,CHLEF,500 - SENDJAS,IIb
02,CHLEF,503 - SOBHA,III
02,CHLEF,506 - TAOUGRITE,III
02,CHLEF,507 - TENES,III
02,CHLEF,508 - ZEBOUDJA,III
02,CHLEF,832 - EL OMARIA,III
02,CHLEF,894 - TADJENANET,III
02,CHLEF,BENI BOUATTAB,III
02,CHLEF,BREIRA,III
02,CHLEF,HARCHOUN,III
02,CHLEF,HARCHOUN,IIb
02,CHLEF,HERENFA,III
02,CHLEF,MOUSSADEK,III
02,CHLEF,SIDI ABDERRAHMANE,III
02,CHLEF,SIDI AKKACHA,III
02,CHLEF,TALASSA,III
03,LAGHOUAT,316 - EL FEIDH,I
03,LAGHOUAT,342 - BLIDA,I
03,LAGHOUAT,695 - EL AOUANA,I
03,LAGHOUAT,735 - AFLOU,I
03,LAGHOUAT,736 - AIN MADHI,I
03,LAGHOUAT,740 - EL ASSAFIA,I
03,LAGHOUAT,745 - HASSI DHELAA,I
03,LAGHOUAT,746 - HASSI RMEL,I
03,LAGHOUAT,747 - KHENEG,I
03,LAGHOUAT,748 - KSAR EL HIRANE,I
03,LAGHOUAT,749 - LAGHOUAT,I
03,LAGHOUAT,755 - SIDI MAKHLOUF,I
03,LAGHOUAT,756 - TADJEMOUT,I
03,LAGHOUAT,757 - TADJROUNA,I
03,LAGHOUAT,925 - SIDI ALI,I
03,LAGHOUAT,BENACER BENCHOHRA,I
03,LAGHOUAT,EL GHICHA,I
03,LAGHOUAT,GUELTAT SIDI SAAD,I
03,LAGHOUAT,HADJ MECHRI,I
03,LAGHOUAT,OUED M'ZI,I
03,LAGHOUAT,OUED MORRA,I
03,LAGHOUAT,SEBGAG,I
03,LAGHOUAT,SIDI BOUZID,I
03,LAGHOUAT,TAOUIALA,I
04,OUM EL BOUAGHI,1049 - AIN KERCHA,I
04,OUM EL BOUAGHI,1050 - AIN MLILA,I
04,OUM EL BOUAGHI,1054 - BIR CHOUHADA,I
04,OUM EL BOUAGHI,1055 - DHALAA,I
04,OUM EL BOUAGHI,1057 - EL BELALA,I
04,OUM EL BOUAGHI,1060 - EL HARMILIA,I
04,OUM EL BOUAGHI,1063 - HANCHIR TOUMGHANI,I
04,OUM EL BOUAGHI,1067 - OULED GACEM,I
04,OUM EL BOUAGHI,1068 - OULED HAMLA,I
04,OUM EL BOUAGHI,1069 - OULED ZOUAI,I
04,OUM EL BOUAGHI,1070 - OUM EL BOUAGHI,I
04,OUM EL BOUAGHI,1072 - SIGUS,I
04,OUM EL BOUAGHI,1073 - SOUK NAAMANE,I
04,OUM EL BOUAGHI,1346 - AIN BOUCHEKIF,I
04,OUM EL BOUAGHI,1371 - RAHOUIA,I
04,OUM EL BOUAGHI,155 - AIN BERDA,I
04,OUM EL BOUAGHI,613 - BERRIHANE,I
04,OUM EL BOUAGHI,76 - EL AMRIA,I
04,OUM EL BOUAGHI,760 - AIN FEKAN,I
04,OUM EL BOUAGHI,AIN DISS,I
04,OUM EL BOUAGHI,AIN ZITOUN,I
04,OUM EL BOUAGHI,BEHIR CHERGUI,I
04,OUM EL BOUAGHI,EL DJAZIA,I
04,OUM EL BOUAGHI,EL FEDJOUDJ BOUGHRARA SA,I
04,OUM EL BOUAGHI,FKIRINA,I
04,OUM EL BOUAGHI,KSAR SBAHI,I
04,OUM EL BOUAGHI,MESKIANA,I
04,OUM EL BOUAGHI,OUED NINI,I
04,OUM EL BOUAGHI,ZORG,I
05,BATNA,1560 - TLEMCEN,I
05,BATNA,165 - OUED EL ANEB,I
05,BATNA,169 - AIN DJASSER,I
05,BATNA,170 - AIN TOUTA,I
05,BATNA,171 - AIN YAGOUT,I
05,BATNA,172 - ARRIS,I
05,BATNA,173 - BARIKA,I
05,BATNA,174 - BATNA,I
05,BATNA,175 - BENI FOUDHALA EL HAKANIA,I
05,BATNA,176 - BITAM,I
05,BATNA,177 - BOULEHILET,I
05,BATNA,180 - BOUZINA,I
05,BATNA,181 - CHEMORA,I
05,BATNA,182 - CHIR,I
05,BATNA,183 - DJERMA,I
05,BATNA,184 - DJEZZAR,I
05,BATNA,186 - EL MADHER,I
05,BATNA,187 - FESDIS,I
05,BATNA,188 - FOUM TOUB,I
05,BATNA,189 - GHASSIRA,I
05,BATNA,192 - HIDOUSSA,I
05,BATNA,193 - ICHEMOUL,I
05,BATNA,194 - INOUGHISSENE,I
05,BATNA,195 - KIMMEL,I
05,BATNA,200 - MAAFA,I
05,BATNA,203 - MEROUANA,I
05,BATNA,205 - NGAOUS,I
05,BATNA,206 - OUED CHAABA,I
05,BATNA,208 - OUED TAGA,I
05,BATNA,211 - OULED FADEL,I
05,BATNA,212 - OULED SELLAM,I
05,BATNA,214 - OUYOUN EL ASSAFIR,I
05,BATNA,216 - RAS EL AIOUN,I
05,BATNA,217 - SEFIANE,I
05,BATNA,218 - SEGGANA,I
05,BATNA,219 - SERIANA,I
05,BATNA,221 - TAXLENT,I
05,BATNA,222 - TAZOULT,I
05,BATNA,223 - THENIET EL ABED,I
05,BATNA,224 - TIGHANIMINE,I
05,BATNA,225 - TIGHARGHAR,I
05,BATNA,227 - TIMGAD,I
05,BATNA,228 - TKOUT,I
05,BATNA,229 - ZANA EL BEIDA,I
05,BATNA,359 - OULED SLAMA,I
05,BATNA,410 - BOUIRA,I
05,BATNA,AZIL ABEDELKADER,I
05,BATNA,BOUMAGUEUR,I
05,BATNA,EL HASSI,I
05,BATNA,GOSBAT,I
05,BATNA,GUIGBA,I
05,BATNA,KSAR BELLEZMA,I
05,BATNA,LARBAA,I
05,BATNA,LAZROU,I
05,BATNA,M DOUKAL,I
05,BATNA,MENAA,I
05,BATNA,OULED AOUF,I
05,BATNA,OULED SI SLIMANE,I
05,BATNA,RAHBAT,I
05,BATNA,TALKHAMT,I
05,BATNA,TILATOU,I
06,BEJAIA,1496 - SOUK EL TENINE,IIa
06,BEJAIA,251 - ADEKAR,IIa
06,BEJAIA,252 - AIT R_ZINE,IIa
06,BEJAIA,253 - AIT SMAIL,IIa
06,BEJAIA,254 - AKBOU,IIa
06,BEJAIA,256 - AMALOU,IIa
06,BEJAIA,257 - AMIZOUR,IIa
06,BEJAIA,258 - AOKAS,IIa
06,BEJAIA,259 - BARBACHA,IIa
06,BEJAIA,260 - BEJAIA,IIa
06,BEJAIA,262 - BENI DJELLIL,IIa
06,BEJAIA,265 - BENI MAOUCHE,IIa
06,BEJAIA,266 - BENI MELIKECH,IIa
06,BEJAIA,267 - BOUDJELLIL,IIa
06,BEJAIA,268 - BOUHAMZA,IIa
06,BEJAIA,269 - BOUKHELIFA,IIa
06,BEJAIA,270 - CHELATA,IIa
06,BEJAIA,271 - CHEMINI,IIa
06,BEJAIA,272 - DARGUINA,IIa
06,BEJAIA,273 - DRAA EL KAID,IIa
06,BEJAIA,274 - EL KSEUR,IIa
06,BEJAIA,275 - FERRAOUN,IIa
06,BEJAIA,277 - IGHIL ALI,IIa
06,BEJAIA,278 - IGHRAM,IIa
06,BEJAIA,279 - KENDIRA,IIa
06,BEJAIA,280 - KHERRATA,IIa
06,BEJAIA,281 - LEFLAYE,IIa
06,BEJAIA,282 - MELBOU,IIa
06,BEJAIA,283 - OUED GHIR,IIa
06,BEJAIA,284 - OUZELLAGUEN,IIa
06,BEJAIA,285 - SEDDOUK,IIa
06,BEJAIA,286 - SEMAOUNE,IIa
06,BEJAIA,287 - SIDI AICH,IIa
06,BEJAIA,288 - SIDI AYAD,IIa
06,BEJAIA,291 - SOUK OUFELLA,IIa
06,BEJAIA,292 - TALA HAMZA,IIa
06,BEJAIA,294 - TAMRIDJET,IIa
06,BEJAIA,295 - TAOURIRT IGHIL,IIa
06,BEJAIA,296 - TASKRIOUT,IIa
06,BEJAIA,297 - TAZMALT,IIa
06,BEJAIA,298 - TIBANE,IIa
06,BEJAIA,299 - TICHI,IIa
06,BEJAIA,300 - TIFRA,IIa
06,BEJAIA,302 - TINEBDAR,IIa
06,BEJAIA,303 - TIZI NBERBER,IIa
06,BEJAIA,304 - TOUDJA,IIa
06,BEJAIA,472 - TIMEZRIT,IIa
06,BEJAIA,678 - TAMLOUKA,IIa
06,BEJAIA,AKFADOU,IIa
06,BEJAIA,BENI K'SILA,IIa
06,BEJAIA,FENAIA IL MATEN,IIa
06,BEJAIA,M'CISNA,IIa
07,BISKRA,1395 - BOUHAROUN,I
07,BISKRA,305 - AIN NAGA,I
07,BISKRA,306 - AIN ZAATOUT,I
07,BISKRA,308 - BISKRA,I
07,BISKRA,309 - BORDJ BEN AZZOUZ,I
07,BISKRA,311 - BRANIS,I
07,BISKRA,312 - CHETMA,I
07,BISKRA,313 - DJEMORAH,I
07,BISKRA,316 - EL FEIDH,I
07,BISKRA,317 - EL GHROUS,I
07,BISKRA,318 - EL HADJEB,I
07,BISKRA,319 - EL HAOUCH,I
07,BISKRA,320 - EL KANTARA,I
07,BISKRA,321 - EL OUTAYA,I
07,BISKRA,324 - LICHANA,I
07,BISKRA,325 - LIOUA,I
07,BISKRA,326 - M_CHOUNECHE,I
07,BISKRA,329 - MLILI,I
07,BISKRA,332 - OUMACHE,I
07,BISKRA,335 - SIDI OKBA,I
07,BISKRA,336 - TOLGA,I
07,BISKRA,337 - ZERIBET EL OUED,I
07,BISKRA,FOUGHALA,I
07,BISKRA,KHENGUET SIDI NADJI,I
07,BISKRA,MEKHADMA,I
07,BISKRA,MEZIRAA,I
07,BISKRA,OURLAL,I
08,BECHAR,1206 - LAMTAR,0
08,BECHAR,231 - BECHAR,0
08,BECHAR,248 - TAGHIT,0
08,BECHAR,480 - BOUKADIR,0
08,BECHAR,ABADLA,0
08,BECHAR,BENI-OUNIF,0
08,BECHAR,ERG-FERRADJ,0
08,BECHAR,KENADSA,0
08,BECHAR,MACHRAA-HOUARI-BOUMEDIENE,0
08,BECHAR,MERIDJA,0
08,BECHAR,MOGHEUL,0
08,BECHAR,TABELBALA,0
09,BLIDA,1152 - BOUGAA,III
09,BLIDA,1152 - BOUGAA,IIb
09,BLIDA,1495 - SOUAMAA,III
09,BLIDA,338 - AIN ROMANA,III
09,BLIDA,338 - AIN ROMANA,IIb
09,BLIDA,339 - BEN KHELIL,III
09,BLIDA,340 - BENI MERED,III
09,BLIDA,341 - BENI TAMOU,III
09,BLIDA,342 - BLIDA,III
09,BLIDA,343 - BOUARFA,III
09,BLIDA,344 - BOUFARIK,III
09,BLIDA,346 - BOUINAN,III
09,BLIDA,347 - CHEBLI,III
09,BLIDA,348 - CHIFFA,III
09,BLIDA,349 - CHREA,III
09,BLIDA,351 - EL AFFROUN,III
09,BLIDA,352 - GUERROUAOU,III
09,BLIDA,353 - HAMMAM MELOUANE,III
09,BLIDA,353 - HAMMAM MELOUANE,IIb
09,BLIDA,355 - MEFTAH,III
09,BLIDA,355 - MEFTAH,IIb
09,BLIDA,356 - MOUZAIA,III
09,BLIDA,357 - OUED DJER,III
09,BLIDA,358 - OUED EL ALLEUG,III
09,BLIDA,359 - OULED SLAMA,III
09,BLIDA,359 - OULED SLAMA,IIb
09,BLIDA,DJEBABRA,III
09,BLIDA,DJEBABRA,IIb
09,BLIDA,LARBAA,III
09,BLIDA,LARBAA,IIb
09,BLIDA,OULED YAICH,III
09,BLIDA,SOUHANE,III
09,BLIDA,SOUHANE,IIb
10,BOUIRA,200 - MAAFA,IIa
10,BOUIRA,222 - TAZOULT,IIa
10,BOUIRA,397 - AGHBALOU,IIa
10,BOUIRA,398 - AHL EL KSAR,IIa
10,BOUIRA,399 - AIN BESSAM,IIa
10,BOUIRA,401 - AIN LALOUI,IIa
10,BOUIRA,403 - AIT LAAZIZ,IIa
10,BOUIRA,404 - AOMAR,IIa
10,BOUIRA,405 - ATH MANSOUR,IIa
10,BOUIRA,406 - BECHLOUL,IIa
10,BOUIRA,407 - BIR GHBALOU,IIa
10,BOUIRA,408 - BORDJ OUKHRISS,IIa
10,BOUIRA,410 - BOUIRA,IIa
10,BOUIRA,411 - BOUKRAM,IIa
10,BOUIRA,413 - DECHMIA,IIa
10,BOUIRA,414 - DIRAH,IIa
10,BOUIRA,415 - DJEBAHIA,IIa
10,BOUIRA,416 - EL ADJIBA,IIa
10,BOUIRA,417 - EL ASNAM,IIa
10,BOUIRA,418 - EL HACHIMIA,IIa
10,BOUIRA,421 - EL MOKRANI,IIa
10,BOUIRA,422 - GUERROUMA,IIa
10,BOUIRA,423 - HADJERA ZERGA,IIa
10,BOUIRA,424 - HAIZER,IIa
10,BOUIRA,425 - HANIF,IIa
10,BOUIRA,426 - KADIRIA,IIa
10,BOUIRA,427 - LAKHDARIA,IIa
10,BOUIRA,430 - MCHEDALLAH,IIa
10,BOUIRA,432 - OUED EL BERDI,IIa
10,BOUIRA,433 - OULED RACHED,IIa
10,BOUIRA,434 - RAOURAOUA,IIa
10,BOUIRA,436 - SAHARIDJ,IIa
10,BOUIRA,437 - SOUK EL KHEMIS,IIa
10,BOUIRA,438 - SOUR EL GHOZLANE,IIa
10,BOUIRA,440 - TAGUEDIT,IIa
10,BOUIRA,934 - AIN EL HADJEL,IIa
10,BOUIRA,997 - AIN TURK,IIa
10,BOUIRA,BOUDERBALA,IIa
10,BOUIRA,CHORFA,IIa
10,BOUIRA,EL KHABOUZIA,IIa
10,BOUIRA,MAAMORA,IIa
10,BOUIRA,MEZDOUR,IIa
10,BOUIRA,RIDANE,IIa
10,BOUIRA,Z'BARBAR (EL ISSERI ),IIa
11,TAMANRASSET,1310 - IDLES,0
11,TAMANRASSET,1315 - TAMANRASSET,0
11,TAMANRASSET,1316 - TAZROUK,0
11,TAMANRASSET,ABELSA,0
11,TAMANRASSET,AIN AMGUEL,0
12,TEBESSA,1318 - AIN ZERGA,I
12,TEBESSA,1320 - BEKKARIA,I
12,TEBESSA,1322 - BIR EL ATER,I
12,TEBESSA,1323 - BIR MOKADEM,I
12,TEBESSA,1324 - BOUKHADRA,I
12,TEBESSA,1325 - BOULHAF DYR,I
12,TEBESSA,1326 - CHERIA,I
12,TEBESSA,1328 - EL HOUIDJBET,I
12,TEBESSA,1329 - EL KOUIF,I
12,TEBESSA,1332 - EL MERIDJ,I
12,TEBESSA,1335 - EL OUENZA,I
12,TEBESSA,1336 - FERKANE,I
12,TEBESSA,1338 - HAMMAMET,I
12,TEBESSA,1339 - MORSOT,I
12,TEBESSA,1340 - NEGRINE,I
12,TEBESSA,1342 - SAFSAF EL OUESRA,I
12,TEBESSA,1344 - TEBESSA,I
12,TEBESSA,1345 - THLIDJENE,I
12,TEBESSA,BEDJENE,I
12,TEBESSA,BIR DHEHEB,I
12,TEBESSA,EL MALABIOD,I
12,TEBESSA,EL MEZERAA,I
12,TEBESSA,EL OGLA,I
12,TEBESSA,EL OGLA EL MALHA,I
12,TEBESSA,EL-AOUINET,I
12,TEBESSA,GUORRIGUER,I
12,TEBESSA,OUM ALI,I
12,TEBESSA,STAH GUENTIS,I
13,TLEMCEN,1509 - AIN FEZZA,I
13,TLEMCEN,151 - SOUIDANIA,I
13,TLEMCEN,1511 - AIN KEBIRA,I
13,TLEMCEN,1514 - AIN YOUCEF,I
13,TLEMCEN,1522 - BENI MESTER,I
13,TLEMCEN,1525 - BENI SNOUS,I
13,TLEMCEN,1526 - BENSEKRANE,I
13,TLEMCEN,1528 - CHETOUANE,I
13,TLEMCEN,1529 - DAR YAGHMOURASSENE,I
13,TLEMCEN,1535 - FELLAOUCENE,I
13,TLEMCEN,1536 - GHAZAOUET,I
13,TLEMCEN,1537 - HAMMAM BOUGHRARA,I
13,TLEMCEN,1538 - HENAYA,I
13,TLEMCEN,1540 - MAGHNIA,I
13,TLEMCEN,1542 - MERSA BEN MHIDI,I
13,TLEMCEN,1544 - NEDROMA,I
13,TLEMCEN,1546 - OULED MIMOUN,I
13,TLEMCEN,1548 - REMCHI,I
13,TLEMCEN,1549 - SABRA,I
13,TLEMCEN,1560 - TLEMCEN,I
13,TLEMCEN,298 - TIBANE,I
13,TLEMCEN,339 - BEN KHELIL,I
13,TLEMCEN,384 - MANSOURA,I
13,TLEMCEN,415 - DJEBAHIA,I
13,TLEMCEN,708 - SIDI ABDELAZIZ,I
13,TLEMCEN,76 - EL AMRIA,I
13,TLEMCEN,872 - AIN MELLOUK,I
13,TLEMCEN,929 - SOUAFLIA,I
13,TLEMCEN,AIN FETAH,I
13,TLEMCEN,AIN GHORABA,I
13,TLEMCEN,AIN NEHALA,I
13,TLEMCEN,AMIEUR,I
13,TLEMCEN,AZAIL,I
13,TLEMCEN,BAB EL ASSA,I
13,TLEMCEN,BENI BAHDEL,I
13,TLEMCEN,BENI BOUSSAID,I
13,TLEMCEN,BENI OUARSOUS,I
13,TLEMCEN,BENI SMIEL,I
13,TLEMCEN,BOUHLOU,I
13,TLEMCEN,BOUIHI,I
13,TLEMCEN,EL FEHOUL,I
13,TLEMCEN,EL GOR,I
13,TLEMCEN,HONNAINE,I
13,TLEMCEN,M'SIRDA FOUAGA,I
13,TLEMCEN,OUED LAKHDAR,I
13,TLEMCEN,OULED RIYAH,I
13,TLEMCEN,SEBBAA CHIOUKH,I
13,TLEMCEN,SEBDOU,I
13,TLEMCEN,SIDI DJILLALI,I
13,TLEMCEN,SIDI MEDJAHED,I
13,TLEMCEN,SOUK TLETA,I
13,TLEMCEN,TERNY BENI HEDIEL,I
13,TLEMCEN,ZENATA,I
14,TIARET,1152 - BOUGAA,I
14,TIARET,1224 - SIDI BRAHIM,I
14,TIARET,1255 - CHERAIA,I
14,TIARET,1346 - AIN BOUCHEKIF,I
14,TIARET,1349 - AIN KERMES,I
14,TIARET,1350 - AIN ZARIT,I
14,TIARET,1353 - DAHMOUNI,I
14,TIARET,1355 - DJILLALI BEN AMAR,I
14,TIARET,1357 - FRENDA,I
14,TIARET,1359 - HAMADIA,I
14,TIARET,1360 - KSAR CHELLALA,I
14,TIARET,1361 - MACHRAA SFA,I
14,TIARET,1363 - MAHDIA,I
14,TIARET,1364 - MEDRISSA,I
14,TIARET,1365 - MEDROUSSA,I
14,TIARET,1366 - MEGHILA,I
14,TIARET,1367 - MELLAKOU,I
14,TIARET,1368 - NADORAH,I
14,TIARET,1370 - OUED LILLI,I
14,TIARET,1371 - RAHOUIA,I
14,TIARET,1373 - SEBAINE,I
14,TIARET,1380 - SIDI HOSNI,I
14,TIARET,1381 - SOUGUEUR,I
14,TIARET,1384 - TIARET,I
14,TIARET,146 - REGHAIA,I
14,TIARET,934 - AIN EL HADJEL,I
14,TIARET,AIN DEHEB,I
14,TIARET,DJEBILET ROSFA,I
14,TIARET,FAIDJA,I
14,TIARET,GUERTOUFA,I
14,TIARET,MADNA,I
14,TIARET,NAIMA,I
14,TIARET,SEBT,I
14,TIARET,SERGHINE,I
14,TIARET,SI ABDELGHANI,I
14,TIARET,SIDI ABDERRAHMANE,I
14,TIARET,SIDI ALI MELLAL,I
14,TIARET,TAGDEMPT,I
14,TIARET,TAKHEMARET,I
14,TIARET,TIDDA,I
14,TIARET,TOUSNINA,I
14,TIARET,ZMALET EL EMIR ABDELKADE,I
15,TIZI OUZOU,1440 - ABI YOUCEF,IIa
15,TIZI OUZOU,1441 - AGHNI GOUGHRAN,IIa
15,TIZI OUZOU,1442 - AGHRIB,IIa
15,TIZI OUZOU,1443 - AIN EL HAMMAM,IIa
15,TIZI OUZOU,1444 - AIN ZAOUIA,IIa
15,TIZI OUZOU,1445 - AIT AGGOUACHA,IIa
15,TIZI OUZOU,1446 - AIT AISSA MIMOUN,IIa
15,TIZI OUZOU,1447 - AIT BOUADOU,IIa
15,TIZI OUZOU,1448 - AIT BOUMAHDI,IIa
15,TIZI OUZOU,1449 - AIT CHAFFAA,IIa
15,TIZI OUZOU,1450 - AIT KHELILI,IIa
15,TIZI OUZOU,1451 - AIT MAHMOUD,IIa
15,TIZI OUZOU,1452 - AIT OUMALOU,IIa
15,TIZI OUZOU,1453 - AIT TOUDERT,IIa
15,TIZI OUZOU,1454 - AIT YAHIA,IIa
15,TIZI OUZOU,1455 - AIT YAHIA MOUSSA,IIa
15,TIZI OUZOU,1456 - AKBIL,IIa
15,TIZI OUZOU,1457 - AKERROU,IIa
15,TIZI OUZOU,1458 - ASSI YOUCEF,IIa
15,TIZI OUZOU,1459 - AZAZGA,IIa
15,TIZI OUZOU,1460 - AZEFFOUN,IIa
15,TIZI OUZOU,1461 - BENI AISSI,IIa
15,TIZI OUZOU,1462 - BENI DOUALA,IIa
15,TIZI OUZOU,1463 - BENI YENNI,IIa
15,TIZI OUZOU,1464 - BENI ZIKI,IIa
15,TIZI OUZOU,1465 - BENI ZMENZER,IIa
15,TIZI OUZOU,1466 - BOGHNI,IIa
15,TIZI OUZOU,1467 - BOUDJIMA,IIa
15,TIZI OUZOU,1468 - BOUNOUH,IIa
15,TIZI OUZOU,1469 - BOUZGUEN,IIa
15,TIZI OUZOU,1470 - DRAA BEN KHEDDA,IIa
15,TIZI OUZOU,1471 - DRAA EL MIZAN,IIa
15,TIZI OUZOU,1472 - FREHA,IIa
15,TIZI OUZOU,1473 - FRIKAT,IIa
15,TIZI OUZOU,1474 - IBOUDRAREN,IIa
15,TIZI OUZOU,1475 - IDJEUR,IIa
15,TIZI OUZOU,1476 - IFERHOUNENE,IIa
15,TIZI OUZOU,1477 - IFIGHA,IIa
15,TIZI OUZOU,1480 - ILLILTEN,IIa
15,TIZI OUZOU,1481 - ILOULA OUMALOU,IIa
15,TIZI OUZOU,1482 - IMSOUHAL,IIa
15,TIZI OUZOU,1483 - IRDJEN,IIa
15,TIZI OUZOU,1484 - LARBA NAIT IRATHEN,IIa
15,TIZI OUZOU,1485 - MAATKA,IIa
15,TIZI OUZOU,1486 - MAKOUDA,IIa
15,TIZI OUZOU,1487 - MECHTRASS,IIa
15,TIZI OUZOU,1488 - MEKLA,IIa
15,TIZI OUZOU,1489 - MIZRANA,IIa
15,TIZI OUZOU,1489 - MIZRANA,IIb
15,TIZI OUZOU,1490 - MKIRA,IIa
15,TIZI OUZOU,1491 - OUACIF,IIa
15,TIZI OUZOU,1492 - OUADHIA,IIa
15,TIZI OUZOU,1493 - OUAGUENOUN,IIa
15,TIZI OUZOU,1495 - SOUAMAA,IIa
15,TIZI OUZOU,1496 - SOUK EL TENINE,IIa
15,TIZI OUZOU,1497 - TADMAIT,IIa
15,TIZI OUZOU,1498 - TIGZIRT,IIa
15,TIZI OUZOU,1499 - TIMIZART,IIa
15,TIZI OUZOU,1500 - TIRMITINE,IIa
15,TIZI OUZOU,1501 - TIZI GHENIF,IIa
15,TIZI OUZOU,1502 - TIZI NTHLETA,IIa
15,TIZI OUZOU,1503 - TIZI OUZOU,IIa
15,TIZI OUZOU,1504 - TIZI RACHED,IIa
15,TIZI OUZOU,1505 - YAKOUREN,IIa
15,TIZI OUZOU,1506 - YATAFEN,IIa
15,TIZI OUZOU,1507 - ZEKRI,IIa
15,TIZI OUZOU,601 - SIDI AMRANE,IIa
15,TIZI OUZOU,IFLISSEN,IIa
16,ALGER,101 - BAB EL OUED,III
16,ALGER,102 - BABA HASSEN,III
16,ALGER,103 - BACH DJERRAH,III
16,ALGER,105 - BARAKI,III
16,ALGER,106 - BEB EZZOUAR,III
16,ALGER,107 - BEN AKNOUN,III
16,ALGER,108 - BENI MESSOUS,III
16,ALGER,109 - BIR KHADEM,III
16,ALGER,110 - BIR MOURAD RAIS,III
16,ALGER,111 - BIRTOUTA,III
16,ALGER,112 - BOLOGHINE IBN ZIRI,III
16,ALGER,1123 - SIDI AHMED,III
16,ALGER,113 - BORDJ EL BAHRI,III
16,ALGER,114 - BORDJ EL KIFFAN,III
16,ALGER,115 - BOUROUBA,III
16,ALGER,116 - BOUZAREAH,III
16,ALGER,117 - CASBAH,III
16,ALGER,119 - DAR EL BEIDA,III
16,ALGER,120 - DELY BRAHIM,III
16,ALGER,121 - DJISR KSENTINA,III
16,ALGER,122 - DOUERA,III
16,ALGER,123 - DRARIA,III
16,ALGER,124 - EL ACHOUR,III
16,ALGER,125 - EL BIAR,III
16,ALGER,1255 - CHERAIA,III
16,ALGER,126 - EL HARRACH,III
16,ALGER,127 - EL MADANIA,III
16,ALGER,128 - EL MAGHARIA,III
16,ALGER,130 - EL MOURADIA,III
16,ALGER,132 - HARAOUA,III
16,ALGER,133 - HUSSEIN DEY,III
16,ALGER,1338 - HAMMAMET,III
16,ALGER,134 - HYDRA,III
16,ALGER,135 - KHRAISSIA,III
16,ALGER,1359 - HAMADIA,III
16,ALGER,136 - KOUBA,III
16,ALGER,137 - LES EUCALYPTUS,III
16,ALGER,140 - OUED KORICHE,III
16,ALGER,141 - OUED SMAR,III
16,ALGER,142 - OULED CHEBEL,III
16,ALGER,143 - OULED FAYET,III
16,ALGER,144 - RAHMANIA,III
16,ALGER,145 - RAIS HAMIDOU,III
16,ALGER,146 - REGHAIA,III
16,ALGER,147 - ROUIBA,III
16,ALGER,148 - SAOULA,III
16,ALGER,150 - SIDI MOUSSA,III
16,ALGER,151 - SOUIDANIA,III
16,ALGER,152 - STAOUELI,III
16,ALGER,153 - TASSALA EL MERDJA,III
16,ALGER,154 - ZERALDA,III
16,ALGER,832 - EL OMARIA,III
16,ALGER,961 - MOHAMED BOUDIAF,III
16,ALGER,98 - AIN TAYA,III
16,ALGER,AIN BENIAN,III
16,ALGER,ALGER CENTRE,III
16,ALGER,MAALMA,III
17,DJELFA,1054 - BIR CHOUHADA,I
17,DJELFA,1497 - TADMAIT,I
17,DJELFA,525 - AIN OUESSARA,I
17,DJELFA,527 - BENHAR,I
17,DJELFA,532 - DAR CHIOUKH,I
17,DJELFA,534 - DJELFA,I
17,DJELFA,537 - EL IDRISSIA,I
17,DJELFA,538 - EL KHEMIS,I
17,DJELFA,542 - HAD SAHARY,I
17,DJELFA,543 - HASSI BAHBAH,I
17,DJELFA,553 - SIDI LAADJEL,I
17,DJELFA,707 - SETTARA,I
17,DJELFA,760 - AIN FEKAN,I
17,DJELFA,842 - MOUDJEBEUR,I
17,DJELFA,935 - AIN EL MELH,I
17,DJELFA,AIN MAABED,I
17,DJELFA,AMOURAH,I
17,DJELFA,BENYAGOUB,I
17,DJELFA,BIRINE,I
17,DJELFA,BOUIRA LAHDAB,I
17,DJELFA,CHAREF,I
17,DJELFA,DELDOUL,I
17,DJELFA,DOUIS,I
17,DJELFA,EL GUEDID,I
17,DJELFA,FAIDH EL BOTMA,I
17,DJELFA,GUERNINI,I
17,DJELFA,HASSI EL EUCH,I
17,DJELFA,HASSI FEDOUL,I
17,DJELFA,M'LILIHA,I
17,DJELFA,MESSAAD,I
17,DJELFA,OUM LAADHAM,I
17,DJELFA,SED RAHAL,I
17,DJELFA,SELMANA,I
17,DJELFA,SIDI BAIZID,I
17,DJELFA,ZAAFRANE,I
17,DJELFA,ZACCAR,I
18,JIJEL,685 - BORDJ TAHER,IIa
18,JIJEL,687 - BOURAOUI BELHADEF,IIa
18,JIJEL,688 - BOUSSIF OULED AKSEUR,IIa
18,JIJEL,689 - CHAHNA,IIa
18,JIJEL,691 - CHEKFA,IIa
18,JIJEL,692 - DJEMAA BENI HABIBI,IIa
18,JIJEL,693 - DJMILA,IIa
18,JIJEL,694 - EL ANCER,IIa
18,JIJEL,695 - EL AOUANA,IIa
18,JIJEL,696 - EL KENNAR NOUCHFI,IIa
18,JIJEL,697 - EL MILIA,IIa
18,JIJEL,698 - EMIR ABDELKADER,IIa
18,JIJEL,700 - JIJEL,IIa
18,JIJEL,701 - KAOUS,IIa
18,JIJEL,702 - KIMIR OUED ADJOUL,IIa
18,JIJEL,703 - OUDJANA,IIa
18,JIJEL,707 - SETTARA,IIa
18,JIJEL,708 - SIDI ABDELAZIZ,IIa
18,JIJEL,709 - SIDI MAAROUF,IIa
18,JIJEL,710 - TAHER,IIa
18,JIJEL,711 - TEXENNA,IIa
18,JIJEL,712 - ZIAMA MANSOURIA JIJEL,IIa
18,JIJEL,BOUDRIA BENIYADJIS,IIa
18,JIJEL,ERRAGUENE SOUISSI,IIa
18,JIJEL,GHEBALA,IIa
18,JIJEL,OULED RABAH,IIa
18,JIJEL,OULED YAHIA KHADROUCH,IIa
18,JIJEL,SELMA BENZIADA,IIa
19,SETIF,1128 - AIN ABESSA,IIa
19,SETIF,1129 - AIN ARNAT,IIa
19,SETIF,1130 - AIN AZAL,IIa
19,SETIF,1131 - AIN EL KEBIRA,IIa
19,SETIF,1132 - AIN LAGRADJ,IIa
19,SETIF,1133 - AIN LAHDJAR,IIa
19,SETIF,1134 - AIN OULMANE,IIa
19,SETIF,1135 - AIN ROUA,IIa
19,SETIF,1136 - AIN SEBT,IIa
19,SETIF,1138 - AMOUCHA,IIa
19,SETIF,1139 - BABOR,IIa
19,SETIF,1140 - BAZER SAKRA,IIa
19,SETIF,1141 - BEIDHA BORDJ,IIa
19,SETIF,1142 - BELLAA,IIa
19,SETIF,1143 - BENI AZIZ,IIa
19,SETIF,1144 - BENI CHEBANA,IIa
19,SETIF,1145 - BENI FOUDA,IIa
19,SETIF,1147 - BENI MOUHLI,IIa
19,SETIF,1148 - BENI OUARTILANE,IIa
19,SETIF,1149 - BIR EL ARCH,IIa
19,SETIF,1150 - BIR HADDADA,IIa
19,SETIF,1151 - BOUANDAS,IIa
19,SETIF,1152 - BOUGAA,IIa
19,SETIF,1153 - BOUSSELAM,IIa
19,SETIF,1155 - DEHAMCHA,IIa
19,SETIF,1156 - DJEMILA,IIa
19,SETIF,1157 - DRAA KEBILA,IIa
19,SETIF,1158 - EL EULMA,IIa
19,SETIF,1160 - EL OURICIA,IIa
19,SETIF,1161 - GUELLAL,IIa
19,SETIF,1162 - GUELTA ZERGA,IIa
19,SETIF,1164 - GUIDJEL,IIa
19,SETIF,1166 - HAMMAM GUERGOUR,IIa
19,SETIF,1167 - HAMMAM SKHOUNA,IIa
19,SETIF,1168 - HARBIL,IIa
19,SETIF,1170 - MAAOUIA,IIa
19,SETIF,1171 - MAOUKLANE,IIa
19,SETIF,1172 - MEZLOUG,IIa
19,SETIF,1176 - OULED SABOR,IIa
19,SETIF,1180 - SALAH BEY,IIa
19,SETIF,1181 - SERDJ EL GHOUL,IIa
19,SETIF,1182 - SETIF,IIa
19,SETIF,1183 - TACHOUDA,IIa
19,SETIF,1185 - TAYA,IIa
19,SETIF,1186 - TELLA,IIa
19,SETIF,1187 - TIZI NBECHAR,IIa
19,SETIF,432 - OUED EL BERDI,IIa
19,SETIF,AIT NAOUAL MEZADA,IIa
19,SETIF,AIT-TIZI,IIa
19,SETIF,BENI OUSSINE,IIa
19,SETIF,BOUTALEB,IIa
19,SETIF,EL-OULDJA,IIa
19,SETIF,GUENZET,IIa
19,SETIF,HAMMA,IIa
19,SETIF,KASR EL ABTAL,IIa
19,SETIF,OULED ADDOUANE,IIa
19,SETIF,OULED SI AHMED,IIa
19,SETIF,OULED TEBBEN,IIa
19,SETIF,ROSFA,IIa
19,SETIF,TALA-IFACENE,IIa
20,SAIDA,1122 - SAIDA,I
20,SAIDA,1123 - SIDI AHMED,I
20,SAIDA,1134 - AIN OULMANE,I
20,SAIDA,167 - SIDI AMER,I
20,SAIDA,386 - OULED BRAHEM,I
20,SAIDA,81 - HASSASNA,I
20,SAIDA,934 - AIN EL HADJEL,I
20,SAIDA,AIN SEKHOUNA,I
20,SAIDA,DOUI THABET,I
20,SAIDA,HOUNET,I
20,SAIDA,MAAMORA,I
20,SAIDA,MOULAY LARBI,I
20,SAIDA,OULED KHALED,I
20,SAIDA,SIDI BOUBEKEUR,I
20,SAIDA,TIRCINE,I
20,SAIDA,YOUB,I
21,SKIKDA,1240 - AIN BOUZIANE,IIa
21,SKIKDA,1242 - AIN KECHRA,IIa
21,SKIKDA,1247 - AZZABA,IIa
21,SKIKDA,1249 - BEN AZZOUZ,IIa
21,SKIKDA,1250 - BENI BACHIR,IIa
21,SKIKDA,1251 - BENI OULBANE,IIa
21,SKIKDA,1252 - BENI ZID,IIa
21,SKIKDA,1255 - CHERAIA,IIa
21,SKIKDA,1256 - COLLO,IIa
21,SKIKDA,1258 - EL GHEDIR,IIa
21,SKIKDA,1259 - EL HADAIEK,IIa
21,SKIKDA,1260 - EL HARROUCH,IIa
21,SKIKDA,1262 - EMDJEZ EDCHICH,IIa
21,SKIKDA,1264 - FIL FILA,IIa
21,SKIKDA,1265 - HAMADI KROUMA,IIa
21,SKIKDA,1267 - KERKERA,IIa
21,SKIKDA,1269 - OUED ZHOUR,IIa
21,SKIKDA,1272 - OULED HEBABA,IIa
21,SKIKDA,1273 - OUM TOUB,IIa
21,SKIKDA,1274 - RAMDANE DJAMEL,IIa
21,SKIKDA,1275 - SALAH BOUCHAOUR,IIa
21,SKIKDA,1276 - SIDI MEZGHICHE,IIa
21,SKIKDA,1277 - SKIKDA,IIa
21,SKIKDA,1280 - ZERDEZAS,IIa
21,SKIKDA,1444 - AIN ZAOUIA,IIa
21,SKIKDA,256 - AMALOU,IIa
21,SKIKDA,832 - EL OMARIA,IIa
21,SKIKDA,845 - OULED ANTAR,IIa
21,SKIKDA,AIN CHARCHAR,IIa
21,SKIKDA,BEKKOUCHE LAKHDAR,IIa
21,SKIKDA,BIN EL OUIDEN,IIa
21,SKIKDA,BOUCHETATA,IIa
21,SKIKDA,DJENDEL SAADI MOHAMED,IIa
21,SKIKDA,ES SEBT,IIa
21,SKIKDA,KANOUA,IIa
21,SKIKDA,KHENAG MAOUNE,IIa
21,SKIKDA,OULDJA BOULBALOUT,IIa
21,SKIKDA,ZITOUNA,IIa
22,SIDI BEL ABBES,1022 - SIDI CHAMI,I
22,SIDI BEL ABBES,1038 - SIDI KHOUILED,I
22,SIDI BEL ABBES,1189 - AIN EL BERD,I
22,SIDI BEL ABBES,1202 - DHAYA,I
22,SIDI BEL ABBES,1206 - LAMTAR,I
22,SIDI BEL ABBES,1215 - OUED SEFIOUN,I
22,SIDI BEL ABBES,1217 - RAS EL MA,I
22,SIDI BEL ABBES,1221 - SIDI ALI BENYOUB,I
22,SIDI BEL ABBES,1223 - SIDI BEL ABBES,I
22,SIDI BEL ABBES,1224 - SIDI BRAHIM,I
22,SIDI BEL ABBES,1229 - SIDI LAHCENE,I
22,SIDI BEL ABBES,1235 - TELAGH,I
22,SIDI BEL ABBES,1237 - TESSALA,I
22,SIDI BEL ABBES,1272 - OULED HEBABA,I
22,SIDI BEL ABBES,1443 - AIN EL HAMMAM,I
22,SIDI BEL ABBES,154 - ZERALDA,I
22,SIDI BEL ABBES,470 - THENIA,I
22,SIDI BEL ABBES,602 - SIDI AOUN,I
22,SIDI BEL ABBES,938 - AIN KHADRA,I
22,SIDI BEL ABBES,AIN THRID,I
22,SIDI BEL ABBES,AIN TINDAMINE,I
22,SIDI BEL ABBES,AIN- ADDEN,I
22,SIDI BEL ABBES,AMARNAS,I
22,SIDI BEL ABBES,BEDRABINE EL MOKRANI,I
22,SIDI BEL ABBES,BELARBI,I
22,SIDI BEL ABBES,BEN BADIS,I
22,SIDI BEL ABBES,BENACHIBA CHELIA,I
22,SIDI BEL ABBES,BOUDJEBAA EL BORDJ,I
22,SIDI BEL ABBES,BOUKHANEFIS,I
22,SIDI BEL ABBES,CHETOUANE BELAILA,I
22,SIDI BEL ABBES,EL HACAIBA,I
22,SIDI BEL ABBES,HASSI DAHOU,I
22,SIDI BEL ABBES,HASSI ZAHANA,I
22,SIDI BEL ABBES,M'CID,I
22,SIDI BEL ABBES,MAKEDRA,I
22,SIDI BEL ABBES,MARHOUM,I
22,SIDI BEL ABBES,MERINE,I
22,SIDI BEL ABBES,MEZAOUROU,I
22,SIDI BEL ABBES,MOSTEFA BEN BRAHIM,I
22,SIDI BEL ABBES,MOULAY SLISSEN,I
22,SIDI BEL ABBES,OUED TAOURIRA,I
22,SIDI BEL ABBES,REDJEM DEMOUCHE,I
22,SIDI BEL ABBES,SEHALA THAOURA,I
22,SIDI BEL ABBES,SFISEF,I
22,SIDI BEL ABBES,SIDI ALI BOUSSIDI,I
22,SIDI BEL ABBES,SIDI DAHOU ZAIRS,I
22,SIDI BEL ABBES,SIDI HAMADOUCHE,I
22,SIDI BEL ABBES,TABIA,I
22,SIDI BEL ABBES,TAOUDMOUT,I
22,SIDI BEL ABBES,TEFESSOUR,I
22,SIDI BEL ABBES,TEGHALIMET,I
22,SIDI BEL ABBES,TILMOUNI,I
23,ANNABA,1158 - EL EULMA,IIa
23,ANNABA,1189 - AIN EL BERD,IIa
23,ANNABA,156 - ANNABA,IIa
23,ANNABA,157 - BERRAHEL,IIa
23,ANNABA,161 - CHEURFA,IIa
23,ANNABA,162 - EL BOUNI,IIa
23,ANNABA,163 - EL HADJAR,IIa
23,ANNABA,165 - OUED EL ANEB,IIa
23,ANNABA,166 - SERAIDI,IIa
23,ANNABA,167 - SIDI AMER,IIa
23,ANNABA,CHETAIBI,IIa
23,ANNABA,TREAT,IIa
24,GUELMA,1217 - RAS EL MA,IIa
24,GUELMA,266 - BENI MELIKECH,IIa
24,GUELMA,645 - AIN BEN BEIDA,IIa
24,GUELMA,646 - AIN LARBI,IIa
24,GUELMA,647 - AIN MAKHLOUF,IIa
24,GUELMA,650 - BELKHEIR,IIa
24,GUELMA,651 - BENDJERRAH,IIa
24,GUELMA,654 - BOUATI MAHMOUD,IIa
24,GUELMA,655 - BOUCHEGOUF,IIa
24,GUELMA,658 - BOUMAHRA AHMED,IIa
24,GUELMA,660 - DJEBALLAH KHEMISSI,IIa
24,GUELMA,662 - GUELAAT BOUSBAA,IIa
24,GUELMA,663 - GUELMA,IIa
24,GUELMA,664 - HAMMAM DEBAGH,IIa
24,GUELMA,665 - HAMMAM NBAIL,IIa
24,GUELMA,666 - HELIOPOLIS,IIa
24,GUELMA,670 - MEDJEZ SFA,IIa
24,GUELMA,671 - NECHMAYA,IIa
24,GUELMA,672 - OUED CHEHAM,IIa
24,GUELMA,673 - OUED FRAGHA,IIa
24,GUELMA,674 - OUED ZENATI,IIa
24,GUELMA,676 - ROKNIA,IIa
24,GUELMA,678 - TAMLOUKA,IIa
24,GUELMA,AIN REGADA,IIa
24,GUELMA,AIN SANDEL,IIa
24,GUELMA,BORDJ SABATH,IIa
24,GUELMA,BOU HACHANA,IIa
24,GUELMA,BOU HAMDANE,IIa
24,GUELMA,DAHOUARA,IIa
24,GUELMA,EL FEDJOUDJ,IIa
24,GUELMA,HOUARI BOUMEDIENNE,IIa
24,GUELMA,KHEZARAS,IIa
24,GUELMA,MEDJEZ AMAR,IIa
24,GUELMA,SELLAOUA ANNOUNA,IIa
25,CONSTANTINE,509 - AIN ABID,IIa
25,CONSTANTINE,510 - AIN SMARA,IIa
25,CONSTANTINE,512 - BENI HAMIDENE,IIa
25,CONSTANTINE,513 - CONSTANTINE,IIa
25,CONSTANTINE,514 - DIDOUCHE MOURAD,IIa
25,CONSTANTINE,515 - EL KHROUB,IIa
25,CONSTANTINE,516 - HAMMA BOUZIANE,IIa
25,CONSTANTINE,517 - IBN ZIAD,IIa
25,CONSTANTINE,518 - MESAOUD BOUDJERIOU,IIa
25,CONSTANTINE,519 - OULED RAHMOUN,IIa
25,CONSTANTINE,520 - ZIGHOUD YOUCEF,IIa
25,CONSTANTINE,BEN BADIS,IIa
26,MEDEA,1123 - SIDI AHMED,I
26,MEDEA,1123 - SIDI AHMED,IIa
26,MEDEA,1300 - SEDRATA,IIa
26,MEDEA,1489 - MIZRANA,IIa
26,MEDEA,1604 - SIDI SLIMANE,IIa
26,MEDEA,174 - BATNA,IIa
26,MEDEA,331 - OULED DJELLAL,IIa
26,MEDEA,386 - OULED BRAHEM,IIa
26,MEDEA,43 - BOURACHED,I
26,MEDEA,43 - BOURACHED,IIa
26,MEDEA,601 - SIDI AMRANE,IIa
26,MEDEA,695 - EL AOUANA,IIa
26,MEDEA,806 - AIN BOUCIF,I
26,MEDEA,806 - AIN BOUCIF,IIa
26,MEDEA,811 - BEN CHICAO,IIa
26,MEDEA,812 - BENI SLIMANE,IIa
26,MEDEA,813 - BERROUAGHIA,IIa
26,MEDEA,815 - BOGHAR,IIa
26,MEDEA,818 - BOUCHRAHIL,IIa
26,MEDEA,819 - BOUGHZOUL,I
26,MEDEA,819 - BOUGHZOUL,IIa
26,MEDEA,820 - BOUSKENE,IIa
26,MEDEA,822 - CHELLALAT EL ADHAOURA,IIa
26,MEDEA,823 - CHENIGUEL,I
26,MEDEA,823 - CHENIGUEL,IIa
26,MEDEA,824 - DERRAG,IIa
26,MEDEA,826 - DJOUAB,IIa
26,MEDEA,827 - DRAA ESSMAR,IIa
26,MEDEA,829 - EL AZIZIA,IIa
26,MEDEA,830 - EL GUELBELKEBIR,IIa
26,MEDEA,831 - EL HAMDANIA,IIa
26,MEDEA,831 - EL HAMDANIA,IIb
26,MEDEA,832 - EL OMARIA,IIa
26,MEDEA,835 - KHAMS DJOUAMAA,IIa
26,MEDEA,836 - KSAR EL BOUKHARI,IIa
26,MEDEA,838 - MEDEA,IIa
26,MEDEA,838 - MEDEA,IIb
26,MEDEA,843 - OUAMRI,IIa
26,MEDEA,844 - OUED HARBIL,IIa
26,MEDEA,845 - OULED ANTAR,IIa
26,MEDEA,846 - OULED BOUACHRA,IIa
26,MEDEA,848 - OULED DEIDE,IIa
26,MEDEA,850 - OULED MAAREF,I
26,MEDEA,850 - OULED MAAREF,IIa
26,MEDEA,852 - OUZERA,IIa
26,MEDEA,853 - REBAIA,IIa
26,MEDEA,856 - SEGHOUANE,IIa
26,MEDEA,857 - SI MAHDJOUB,IIa
26,MEDEA,861 - SIDI ZAHAR,IIa
26,MEDEA,863 - SOUAGUI,IIa
26,MEDEA,864 - TABLAT,IIa
26,MEDEA,865 - TAFRAOUT,IIa
26,MEDEA,866 - TAMESGUIDA,IIa
26,MEDEA,866 - TAMESGUIDA,IIb
26,MEDEA,868 - TLATET ED DOUAIR,IIa
26,MEDEA,869 - ZOUBIRIA,IIa
26,MEDEA,AIN OUKSIR,I
26,MEDEA,AIN OUKSIR,IIa
26,MEDEA,AISSAOUIA,IIa
26,MEDEA,AZIZ,IIa
26,MEDEA,BIR BEN LAABED,IIa
26,MEDEA,BOUAICHOUNE,IIa
26,MEDEA,CHABOUNIA,I
26,MEDEA,CHABOUNIA,IIa
26,MEDEA,EL OUINET,I
26,MEDEA,EL OUINET,IIa
26,MEDEA,HANNACHA,IIa
26,MEDEA,KEF LAKHDAR,IIa
26,MEDEA,M'FATHA,IIa
26,MEDEA,MAGHRAOUA,IIa
26,MEDEA,MEDJEBAR,IIa
26,MEDEA,MIHOUB,IIa
26,MEDEA,OUM EL DJELLIL,IIa
26,MEDEA,SANEG,I
26,MEDEA,SANEG,IIa
26,MEDEA,SIDI RABIE,IIa
26,MEDEA,TIZI MAHDI,IIa
27,MOSTAGANEM,1324 - BOUKHADRA,III
27,MOSTAGANEM,1324 - BOUKHADRA,IIa
27,MOSTAGANEM,384 - MANSOURA,IIa
27,MOSTAGANEM,592 - MAGRANE,IIa
27,MOSTAGANEM,861 - SIDI ZAHAR,IIa
27,MOSTAGANEM,861 - SIDI ZAHAR,IIb
27,MOSTAGANEM,903 - ACHAACHA,III
27,MOSTAGANEM,903 - ACHAACHA,IIa
27,MOSTAGANEM,904 - AIN BOUDINAR,IIa
27,MOSTAGANEM,905 - AIN NOUISSI,IIa
27,MOSTAGANEM,906 - AIN SIDI CHERIF,IIa
27,MOSTAGANEM,907 - AIN TEDLES,IIa
27,MOSTAGANEM,908 - BOUGUIRAT,IIa
27,MOSTAGANEM,910 - FORNAKA,IIa
27,MOSTAGANEM,911 - HADJADJ,IIa
27,MOSTAGANEM,912 - HASSI MAAMECHE,IIa
27,MOSTAGANEM,914 - KHEIR EDDINE,IIa
27,MOSTAGANEM,916 - MESRA,IIa
27,MOSTAGANEM,918 - MOSTAGANEM,IIa
27,MOSTAGANEM,920 - OUED EL KHEIR,IIa
27,MOSTAGANEM,921 - OULED BOUGHALEM,III
27,MOSTAGANEM,921 - OULED BOUGHALEM,IIa
27,MOSTAGANEM,922 - OULED MAALAH,IIa
27,MOSTAGANEM,922 - OULED MAALAH,IIb
27,MOSTAGANEM,923 - SAFSAF,IIa
27,MOSTAGANEM,924 - SAYADA,IIa
27,MOSTAGANEM,925 - SIDI ALI,IIa
27,MOSTAGANEM,928 - SIRAT,IIa
27,MOSTAGANEM,929 - SOUAFLIA,IIa
27,MOSTAGANEM,930 - SOUR,IIa
27,MOSTAGANEM,931 - STIDIA,IIa
27,MOSTAGANEM,932 - TAZGAIT,IIa
27,MOSTAGANEM,932 - TAZGAIT,IIb
27,MOSTAGANEM,933 - TOUAHRIA,IIa
27,MOSTAGANEM,BENABDELMALEK RAMDANE,IIa
27,MOSTAGANEM,HASSIANE,IIa
27,MOSTAGANEM,NEKMARIA,III
27,MOSTAGANEM,NEKMARIA,IIa
27,MOSTAGANEM,SIDI BELAATTAR,IIa
28,M'SILA,1123 - SIDI AHMED,I
28,M'SILA,1495 - SOUAMAA,I
28,M'SILA,167 - SIDI AMER,I
28,M'SILA,359 - OULED SLAMA,I
28,M'SILA,46 - DJENDEL,I
28,M'SILA,586 - EL OUED,I
28,M'SILA,732 - TAMZA,I
28,M'SILA,934 - AIN EL HADJEL,I
28,M'SILA,935 - AIN EL MELH,I
28,M'SILA,938 - AIN KHADRA,I
28,M'SILA,938 - AIN KHADRA,IIa
28,M'SILA,939 - BELAIBA,I
28,M'SILA,939 - BELAIBA,IIa
28,M'SILA,940 - BEN SROUR,I
28,M'SILA,941 - BENI ILMENE,I
28,M'SILA,941 - BENI ILMENE,IIa
28,M'SILA,943 - BERHOUM,I
28,M'SILA,943 - BERHOUM,IIa
28,M'SILA,944 - BIR FODDA,I
28,M'SILA,945 - BOUSAADA,I
28,M'SILA,946 - BOUTI SAYEH,I
28,M'SILA,947 - CHELLAL,I
28,M'SILA,948 - DEHAHNA,I
28,M'SILA,948 - DEHAHNA,IIa
28,M'SILA,952 - HAMMAM DHALAA,I
28,M'SILA,952 - HAMMAM DHALAA,IIa
28,M'SILA,953 - KHETTOUTI SED EL DJIR,I
28,M'SILA,954 - KHOUBANA,I
28,M'SILA,955 - MAADID,I
28,M'SILA,955 - MAADID,IIa
28,M'SILA,957 - MAGRA,I
28,M'SILA,957 - MAGRA,IIa
28,M'SILA,958 - MCIF,I
28,M'SILA,961 - MOHAMED BOUDIAF,I
28,M'SILA,962 - MSILA,I
28,M'SILA,962 - MSILA,IIa
28,M'SILA,963 - MTARFA,I
28,M'SILA,963 - MTARFA,IIa
28,M'SILA,964 - OUENOUGHA,I
28,M'SILA,964 - OUENOUGHA,IIa
28,M'SILA,965 - OULED ADDI GUEBALA,I
28,M'SILA,966 - OULED DERRADJ,I
28,M'SILA,966 - OULED DERRADJ,IIa
28,M'SILA,967 - OULED MADHI,I
28,M'SILA,967 - OULED MADHI,IIa
28,M'SILA,968 - OULED MANSOUR,I
28,M'SILA,968 - OULED MANSOUR,IIa
28,M'SILA,969 - OULED SIDI BRAHIM M SILA,I
28,M'SILA,972 - SIDI AISSA,I
28,M'SILA,974 - SIDI HADJERES,I
28,M'SILA,979 - TARMOUNT,I
28,M'SILA,979 - TARMOUNT,IIa
28,M'SILA,AIN FARES,I
28,M'SILA,AIN RICH,I
28,M'SILA,BENZOUH,I
28,M'SILA,DJEBEL MESSAAD,I
28,M'SILA,EL HAMEL,I
28,M'SILA,MAARIF,I
28,M'SILA,MENAA,I
28,M'SILA,OULTEME,I
28,M'SILA,SLIM,I
28,M'SILA,ZARZOUR,I
29,MASCARA,1359 - HAMADIA,IIa
29,MASCARA,1363 - MAHDIA,I
29,MASCARA,1363 - MAHDIA,IIa
29,MASCARA,150 - SIDI MOUSSA,IIa
29,MASCARA,4 - AOULEF,I
29,MASCARA,4 - AOULEF,IIa
29,MASCARA,760 - AIN FEKAN,I
29,MASCARA,760 - AIN FEKAN,IIa
29,MASCARA,762 - AIN FRASS,IIa
29,MASCARA,763 - ALAIMIA,IIa
29,MASCARA,766 - BOUHANIFIA,I
29,MASCARA,766 - BOUHANIFIA,IIa
29,MASCARA,769 - EL BORDJ,IIa
29,MASCARA,773 - EL HACHEM,I
29,MASCARA,773 - EL HACHEM,IIa
29,MASCARA,774 - EL KEURT,IIa
29,MASCARA,775 - EL MAMOUNIA,IIa
29,MASCARA,778 - FROHA,IIa
29,MASCARA,780 - GHRISS,I
29,MASCARA,780 - GHRISS,IIa
29,MASCARA,782 - HACINE,IIa
29,MASCARA,785 - MAOUSSA,IIa
29,MASCARA,786 - MASCARA,IIa
29,MASCARA,792 - OUED EL ABTAL,I
29,MASCARA,792 - OUED EL ABTAL,IIa
29,MASCARA,793 - OUED TAGHIA,I
29,MASCARA,793 - OUED TAGHIA,IIa
29,MASCARA,796 - SEHAILIA,IIa
29,MASCARA,800 - SIDI KADA,IIa
29,MASCARA,801 - SIG,IIa
29,MASCARA,802 - TIGHENNIF,IIa
29,MASCARA,803 - TIZI,IIa
29,MASCARA,804 - ZAHANA,IIa
29,MASCARA,AIN FARES,I
29,MASCARA,AIN FARES,IIa
29,MASCARA,AIN FERAH,I
29,MASCARA,AIN FERAH,IIa
29,MASCARA,BENIAN,I
29,MASCARA,BENIAN,IIa
29,MASCARA,BOU HENNI,IIa
29,MASCARA,CHORFA,IIa
29,MASCARA,EL GAADA,IIa
29,MASCARA,EL GHOMRI,IIa
29,MASCARA,EL GUEITENA,IIa
29,MASCARA,EL MENAOUER,IIa
29,MASCARA,FERRAGUIG,IIa
29,MASCARA,GHARROUS,I
29,MASCARA,GHARROUS,IIa
29,MASCARA,GUERDJOUM,I
29,MASCARA,GUERDJOUM,IIa
29,MASCARA,KHALOUIA,IIa
29,MASCARA,MATEMORE,IIa
29,MASCARA,MOCTA-DOUZ,IIa
29,MASCARA,NESMOT,I
29,MASCARA,NESMOT,IIa
29,MASCARA,OGGAZ,IIa
29,MASCARA,RAS EL AIN AMIROUCHE,IIa
29,MASCARA,SEDJERARA,IIa
29,MASCARA,SIDI ABDELDJEBAR,IIa
29,MASCARA,SIDI ABDELMOUMENE,IIa
29,MASCARA,ZELAMTA,IIa
30,OUARGLA,1028 - EL BORMA,0
30,OUARGLA,1031 - HASSI MESSAOUD,0
30,OUARGLA,1035 - NGOUSSA,0
30,OUARGLA,1036 - OUARGLA,0
30,OUARGLA,1037 - ROUISSAT,0
30,OUARGLA,1038 - SIDI KHOUILED,0
30,OUARGLA,155 - AIN BERDA,0
30,OUARGLA,HASSI BEN ABDELLAH,0
31,ORAN,1001 - BEN FREHA,IIa
31,ORAN,1002 - BETHIOUA,IIa
31,ORAN,1003 - BIR EL DJIR,IIa
31,ORAN,1004 - BOUFATIS,IIa
31,ORAN,1005 - BOUSFER,IIa
31,ORAN,1006 - BOUTLELIS,IIa
31,ORAN,1009 - EL BRAYA,IIa
31,ORAN,1010 - EL KARMA,IIa
31,ORAN,1011 - ES SENIA,IIa
31,ORAN,1012 - GDYEL,IIa
31,ORAN,1013 - HASSI BEN OKBA,IIa
31,ORAN,1014 - HASSI BOUNIF,IIa
31,ORAN,1016 - MARSAT EL HADJADJ,IIa
31,ORAN,1017 - MERS EL KEBIR,IIa
31,ORAN,1018 - MISSERGHIN,IIa
31,ORAN,1019 - ORAN,IIa
31,ORAN,1020 - OUED TLELAT,IIa
31,ORAN,1022 - SIDI CHAMI,IIa
31,ORAN,1023 - TAFRAOUI,IIa
31,ORAN,1349 - AIN KERMES,IIa
31,ORAN,694 - EL ANCER,IIa
31,ORAN,997 - AIN TURK,IIa
31,ORAN,AIN BIYA,IIa
31,ORAN,ARZEW,IIa
31,ORAN,HASSI MEFSOUKH,IIa
31,ORAN,SIDI BEN YEBKA,IIa
32,EL BAYADH,132 - HARAOUA,I
32,EL BAYADH,1604 - SIDI SLIMANE,I
32,EL BAYADH,167 - SIDI AMER,I
32,EL BAYADH,559 - BOUGTOUB,I
32,EL BAYADH,562 - CHEGUIG,I
32,EL BAYADH,563 - CHELLALA,I
32,EL BAYADH,565 - EL BAYADH,I
32,EL BAYADH,568 - EL MEHARA,I
32,EL BAYADH,571 - KEF EL AHMAR,I
32,EL BAYADH,586 - EL OUED,I
32,EL BAYADH,876 - BOUHATEM,I
32,EL BAYADH,AIN EL ORAK,I
32,EL BAYADH,BOUSSEMGHOUN,I
32,EL BAYADH,BREZINA,I
32,EL BAYADH,EL KHEITER,I
32,EL BAYADH,GHASSOUL,I
32,EL BAYADH,KRAKDA,I
32,EL BAYADH,LABIODH SIDI CHEIKH,I
32,EL BAYADH,ROGASSA,I
32,EL BAYADH,SIDI TIFFOUR,I
32,EL BAYADH,STITTEN,I
32,EL BAYADH,TOUSMOULINE,I
33,ILLIZI,683 - ILLIZI,0
33,ILLIZI,BORDJ OMAR DRISS,0
33,ILLIZI,DEBDEB,0
33,ILLIZI,IN AMENAS,0
34,BORDJ BOU ARRERIDJ,1078 - BEN DAOUD,IIa
34,BORDJ BOU ARRERIDJ,1256 - COLLO,IIa
34,BORDJ BOU ARRERIDJ,363 - AIN TAGHROUT,IIa
34,BORDJ BOU ARRERIDJ,364 - AIN TASSERA,IIa
34,BORDJ BOU ARRERIDJ,365 - BELIMOUR,IIa
34,BORDJ BOU ARRERIDJ,367 - BIR KASDALI,IIa
34,BORDJ BOU ARRERIDJ,368 - BORDJ BOU ARRERIDJ,IIa
34,BORDJ BOU ARRERIDJ,369 - BORDJ GHDIR,IIa
34,BORDJ BOU ARRERIDJ,370 - BORDJ ZEMOURA,IIa
34,BORDJ BOU ARRERIDJ,372 - DJAAFRA,IIa
34,BORDJ BOU ARRERIDJ,373 - EL ACHIR,IIa
34,BORDJ BOU ARRERIDJ,374 - EL ANSEUR,IIa
34,BORDJ BOU ARRERIDJ,375 - EL EUCH,IIa
34,BORDJ BOU ARRERIDJ,376 - EL HAMMADIA,IIa
34,BORDJ BOU ARRERIDJ,377 - EL MAIN,IIa
34,BORDJ BOU ARRERIDJ,378 - EL MHIR,IIa
34,BORDJ BOU ARRERIDJ,379 - GHILASSA,IIa
34,BORDJ BOU ARRERIDJ,380 - HARAZA,IIa
34,BORDJ BOU ARRERIDJ,381 - HASNAOUA,IIa
34,BORDJ BOU ARRERIDJ,382 - KHELIL,IIa
34,BORDJ BOU ARRERIDJ,383 - KSOUR,IIa
34,BORDJ BOU ARRERIDJ,384 - MANSOURA,IIa
34,BORDJ BOU ARRERIDJ,385 - MEDJANA,IIa
34,BORDJ BOU ARRERIDJ,386 - OULED BRAHEM,IIa
34,BORDJ BOU ARRERIDJ,387 - OULED DAHMANE,IIa
34,BORDJ BOU ARRERIDJ,389 - RABTA,IIa
34,BORDJ BOU ARRERIDJ,390 - RAS EL OUED,IIa
34,BORDJ BOU ARRERIDJ,391 - SIDI EMBAREK,IIa
34,BORDJ BOU ARRERIDJ,392 - TAFREG,IIa
34,BORDJ BOU ARRERIDJ,393 - TAGLAIT,IIa
34,BORDJ BOU ARRERIDJ,396 - TIXTER,IIa
34,BORDJ BOU ARRERIDJ,969 - OULED SIDI BRAHIM M SILA,IIa
34,BORDJ BOU ARRERIDJ,TASSAMERT,IIa
34,BORDJ BOU ARRERIDJ,TENIET EN NASR,IIa
35,BOUMERDES,1571 - OULED AISSA,III
35,BOUMERDES,1571 - OULED AISSA,IIb
35,BOUMERDES,442 - AFIR,III
35,BOUMERDES,442 - AFIR,IIb
35,BOUMERDES,444 - BAGHLIA,III
35,BOUMERDES,444 - BAGHLIA,IIb
35,BOUMERDES,445 - BEN CHOUD,III
35,BOUMERDES,445 - BEN CHOUD,IIb
35,BOUMERDES,446 - BENI AMRANE,III
35,BOUMERDES,446 - BENI AMRANE,IIb
35,BOUMERDES,447 - BORDJ MENAIEL,III
35,BOUMERDES,447 - BORDJ MENAIEL,IIb
35,BOUMERDES,448 - BOUDOUAOU,III
35,BOUMERDES,449 - BOUDOUAOU EL BAHRI,III
35,BOUMERDES,450 - BOUMERDES,III
35,BOUMERDES,451 - BOUZEGZA KEDDARA,III
35,BOUMERDES,451 - BOUZEGZA KEDDARA,IIb
35,BOUMERDES,452 - CHABET EL AMEUR,III
35,BOUMERDES,452 - CHABET EL AMEUR,IIa
35,BOUMERDES,453 - CORSO,III
35,BOUMERDES,454 - DELLYS,III
35,BOUMERDES,455 - DJINET,III
35,BOUMERDES,456 - EL KHARROUBA,III
35,BOUMERDES,456 - EL KHARROUBA,IIb
35,BOUMERDES,457 - HAMMEDI,III
35,BOUMERDES,457 - HAMMEDI,IIb
35,BOUMERDES,458 - ISSER,III
35,BOUMERDES,458 - ISSER,IIb
35,BOUMERDES,459 - KHEMIS EL KHECHNA,III
35,BOUMERDES,459 - KHEMIS EL KHECHNA,IIb
35,BOUMERDES,460 - LAGHATA,III
35,BOUMERDES,461 - LARBATACHE,III
35,BOUMERDES,461 - LARBATACHE,IIb
35,BOUMERDES,462 - NACIRIA,III
35,BOUMERDES,462 - NACIRIA,IIb
35,BOUMERDES,464 - OULED HEDADJ,III
35,BOUMERDES,465 - OULED MOUSSA,III
35,BOUMERDES,465 - OULED MOUSSA,IIb
35,BOUMERDES,466 - SI MUSTAPHA,III
35,BOUMERDES,467 - SIDI DAOUD,III
35,BOUMERDES,469 - TAOURGA,III
35,BOUMERDES,469 - TAOURGA,IIb
35,BOUMERDES,470 - THENIA,III
35,BOUMERDES,471 - TIDJELABINE,III
35,BOUMERDES,472 - TIMEZRIT,III
35,BOUMERDES,472 - TIMEZRIT,IIa
35,BOUMERDES,473 - ZEMMOURI,III
35,BOUMERDES,AMMAL,III
35,BOUMERDES,AMMAL,IIa
35,BOUMERDES,SOUK EL HAD,III
35,BOUMERDES,SOUK EL HAD,IIb
36,EL TARF,1326 - CHERIA,IIa
36,EL TARF,1349 - AIN KERMES,IIa
36,EL TARF,1577 - BESBES,IIa
36,EL TARF,559 - BOUGTOUB,IIa
36,EL TARF,611 - ASFOUR,IIa
36,EL TARF,612 - BEN MHIDI,IIa
36,EL TARF,613 - BERRIHANE,IIa
36,EL TARF,616 - BOUTELDJA,IIa
36,EL TARF,619 - CHIHANI,IIa
36,EL TARF,620 - DREAN,IIa
36,EL TARF,621 - ECHATT,IIa
36,EL TARF,623 - EL KALA,IIa
36,EL TARF,624 - EL-TARF,IIa
36,EL TARF,626 - LAC DES OISEAUX,IIa
36,EL TARF,630 - ZERIZER,IIa
36,EL TARF,695 - EL AOUANA,IIa
36,EL TARF,934 - AIN EL HADJEL,IIa
36,EL TARF,BOUHADJAR,IIa
36,EL TARF,CHEBAITA MOKHTAR,IIa
36,EL TARF,HAMMAM BENI SALAH,IIa
36,EL TARF,OUED ZITOUN,IIa
36,EL TARF,RAML SOUK,IIa
36,EL TARF,SOUAREKH,IIa
36,EL TARF,ZITOUNA,IIa
37,TINDOUF,OUM EL ASSEL,0
37,TINDOUF,TINDOUF,0
38,TISSEMSILT,1123 - SIDI AHMED,IIa
38,TISSEMSILT,1422 - BORDJ EL EMIR ABDELKADER,IIa
38,TISSEMSILT,1426 - LARDJEM,IIa
38,TISSEMSILT,1427 - LAYOUNE,IIa
38,TISSEMSILT,1431 - OULED BESSEM,IIa
38,TISSEMSILT,1437 - THENIET EL HAD,IIa
38,TISSEMSILT,1438 - TISSEMSILT,IIa
38,TISSEMSILT,1604 - SIDI SLIMANE,IIa
38,TISSEMSILT,427 - LAKHDARIA,IIa
38,TISSEMSILT,AMMARI,IIa
38,TISSEMSILT,BENI CHAIB,IIa
38,TISSEMSILT,BENI LAHCENE,IIa
38,TISSEMSILT,BORDJ BOUNAAMA,IIa
38,TISSEMSILT,BOUCAID,IIa
38,TISSEMSILT,KHEMISTI,IIa
38,TISSEMSILT,LARBAA,IIa
38,TISSEMSILT,MAACEM,IIa
38,TISSEMSILT,MELAAB,IIa
38,TISSEMSILT,SIDI BOUTOUCHENT,IIa
38,TISSEMSILT,SIDI LANTRI,IIa
38,TISSEMSILT,TAMELLAHET,IIa
38,TISSEMSILT,YOUSSOUFIA,IIa
39,EL OUED,222 - TAZOULT,0
39,EL OUED,579 - BAYADHA,0
39,EL OUED,580 - BENI GUECHA,0
39,EL OUED,586 - EL OUED,0
39,EL OUED,587 - GUEMAR,0
39,EL OUED,588 - HAMRAIA,0
39,EL OUED,589 - HASSANI ABDELKRIM,0
39,EL OUED,590 - HASSI KHELIFA,0
39,EL OUED,591 - KOUININE,0
39,EL OUED,592 - MAGRANE,0
39,EL OUED,593 - MIH OUENSA,0
39,EL OUED,595 - NAKHLA,0
39,EL OUED,596 - OUED EL ALENDA,0
39,EL OUED,598 - OURMES,0
39,EL OUED,599 - REGUIBA,0
39,EL OUED,600 - ROBBAH,0
39,EL OUED,602 - SIDI AOUN,0
39,EL OUED,606 - TALEB LARBI,0
39,EL OUED,608 - TRIFAOU,0
39,EL OUED,DEBILA,0
39,EL OUED,DOUAR EL MAA,0
39,EL OUED,EL OGLA,0
40,KHENCHELA,433 - OULED RACHED,I
40,KHENCHELA,586 - EL OUED,I
40,KHENCHELA,714 - AIN TOUILA,I
40,KHENCHELA,715 - BABAR,I
40,KHENCHELA,716 - BAGHAI,I
40,KHENCHELA,717 - BOUHMAMA,I
40,KHENCHELA,718 - CHELIA,I
40,KHENCHELA,719 - CHERCHAR,I
40,KHENCHELA,721 - EL HAMMA,I
40,KHENCHELA,722 - EL MAHMAL,I
40,KHENCHELA,724 - ENSIGHA,I
40,KHENCHELA,725 - KAIS,I
40,KHENCHELA,726 - KHENCHELA,I
40,KHENCHELA,729 - MTOUSSA,I
40,KHENCHELA,731 - REMILA,I
40,KHENCHELA,732 - TAMZA,I
40,KHENCHELA,733 - TAOUZIANAT,I
40,KHENCHELA,734 - YABOUS,I
40,KHENCHELA,DJELLAL,I
40,KHENCHELA,KHIRANE,I
40,KHENCHELA,M'SARA,I
41,SOUK AHRAS,1129 - AIN ARNAT,I
41,SOUK AHRAS,1134 - AIN OULMANE,I
41,SOUK AHRAS,1290 - MDAOUROUCHE,I
41,SOUK AHRAS,1292 - MERAHNA,I
41,SOUK AHRAS,1293 - OUED KEBERIT,I
41,SOUK AHRAS,1294 - OULED DRISS,I
41,SOUK AHRAS,1300 - SEDRATA,I
41,SOUK AHRAS,1301 - SIDI FREDJ,I
41,SOUK AHRAS,1302 - SOUK-AHRAS,I
41,SOUK AHRAS,1303 - TAOURA,I
41,SOUK AHRAS,1546 - OULED MIMOUN,I
41,SOUK AHRAS,620 - DREAN,I
41,SOUK AHRAS,BIR BOUHOUCHE,I
41,SOUK AHRAS,HADDADA,I
41,SOUK AHRAS,HANENCHA,I
41,SOUK AHRAS,KHEDARA,I
41,SOUK AHRAS,KHEMISSA,I
41,SOUK AHRAS,MACHROHA,I
41,SOUK AHRAS,OUILLEN,I
41,SOUK AHRAS,OUM EL ADHAIM,I
41,SOUK AHRAS,RAGOUBA,I
41,SOUK AHRAS,SAFEL EL OUIDEN,I
41,SOUK AHRAS,TERRAGUELT,I
41,SOUK AHRAS,TIFFECH,I
41,SOUK AHRAS,ZAAROURIA,I
41,SOUK AHRAS,ZOUABI,I
42,TIPAZA,1391 - AHMER EL AIN,III
42,TIPAZA,1392 - AIN TAGOURAIT,III
42,TIPAZA,1394 - BOU ISMAIL,III
42,TIPAZA,1395 - BOUHAROUN,III
42,TIPAZA,1396 - BOURKIKA,III
42,TIPAZA,1398 - CHERCHEL,III
42,TIPAZA,1399 - DAMOUS,III
42,TIPAZA,1400 - DOUAOUDA,III
42,TIPAZA,1401 - FOUKA,III
42,TIPAZA,1402 - GOURAYA,III
42,TIPAZA,1403 - HADJERET ENNOUS,III
42,TIPAZA,1404 - HADJOUT,III
42,TIPAZA,1405 - HATTATBA,III
42,TIPAZA,1407 - KOLEA,III
42,TIPAZA,1408 - LARHAT,III
42,TIPAZA,1409 - MENACEUR,III
42,TIPAZA,1410 - MESSELMOUN,III
42,TIPAZA,1411 - MEURAD,III
42,TIPAZA,1412 - NADOR,III
42,TIPAZA,1414 - SIDI GHILES,III
42,TIPAZA,1415 - SIDI RACHED,III
42,TIPAZA,1417 - TIPAZA,III
42,TIPAZA,1578 - CHAIBA,III
42,TIPAZA,1604 - SIDI SLIMANE,III
42,TIPAZA,167 - SIDI AMER,III
42,TIPAZA,397 - AGHBALOU,III
42,TIPAZA,BENI MILEUK,III
42,TIPAZA,KHEMISTI,III
43,MILA,870 - AHMED RACHDI,IIa
43,MILA,872 - AIN MELLOUK,IIa
43,MILA,873 - AIN TINE,IIa
43,MILA,874 - AMIRA ARRES,IIa
43,MILA,875 - BENYAHIA ABDERRAHMANE,IIa
43,MILA,876 - BOUHATEM,IIa
43,MILA,877 - CHELGHOUM LAID,IIa
43,MILA,879 - DERRADJI BOUSSELAH,IIa
43,MILA,880 - EL AYADI BARBES,IIa
43,MILA,881 - EL MCHIRA,IIa
43,MILA,882 - FERDJIOUA,IIa
43,MILA,883 - GRAREM GOUGA,IIa
43,MILA,884 - HAMALA,IIa
43,MILA,885 - MILA,IIa
43,MILA,886 - MINAR ZARZA,IIa
43,MILA,887 - OUED ATHMANIA,IIa
43,MILA,888 - OUED ENDJA,IIa
43,MILA,889 - OUED SEGUEN,IIa
43,MILA,890 - OULED KHELLOUF,IIa
43,MILA,891 - ROUACHED,IIa
43,MILA,892 - SIDI KHELIFA,IIa
43,MILA,893 - SIDI MEROUANE,IIa
43,MILA,894 - TADJENANET,IIa
43,MILA,895 - TASSADANE HADDADA,IIa
43,MILA,896 - TASSALA LEMTAI,IIa
43,MILA,897 - TELAGHMA,IIa
43,MILA,898 - TERRAI BAINEM,IIa
43,MILA,899 - TIBERGUENT,IIa
43,MILA,901 - ZEGHAIA,IIa
43,MILA,AIN BEIDA HARRICHE,IIa
43,MILA,CHIGARA,IIa
43,MILA,YAHIA BENIGUECHA,IIa
44,AIN DEFLA,1134 - AIN OULMANE,IIa
44,AIN DEFLA,30 - AIN BOUYAHIA,III
44,AIN DEFLA,30 - AIN BOUYAHIA,IIa
44,AIN DEFLA,33 - AIN TORKI,IIa
44,AIN DEFLA,33 - AIN TORKI,IIb
44,AIN DEFLA,34 - AIN-DEFLA,IIa
44,AIN DEFLA,34 - AIN-DEFLA,IIb
44,AIN DEFLA,35 - ARIB,IIa
44,AIN DEFLA,35 - ARIB,IIb
44,AIN DEFLA,357 - OUED DJER,IIa
44,AIN DEFLA,37 - BATHIA,IIa
44,AIN DEFLA,377 - EL MAIN,IIa
44,AIN DEFLA,38 - BELAAS,IIa
44,AIN DEFLA,41 - BORDJ EMIR KHALED,IIa
44,AIN DEFLA,42 - BOUMEDFAA,IIa
44,AIN DEFLA,42 - BOUMEDFAA,IIb
44,AIN DEFLA,43 - BOURACHED,IIa
44,AIN DEFLA,43 - BOURACHED,IIb
44,AIN DEFLA,44 - DJELIDA,IIa
44,AIN DEFLA,45 - DJEMAA OULED CHEIKH,IIa
44,AIN DEFLA,46 - DJENDEL,IIa
44,AIN DEFLA,47 - EL ABBADIA,III
44,AIN DEFLA,47 - EL ABBADIA,IIa
44,AIN DEFLA,48 - EL AMRA,IIa
44,AIN DEFLA,48 - EL AMRA,IIb
44,AIN DEFLA,49 - EL ATTAF,III
44,AIN DEFLA,49 - EL ATTAF,IIa
44,AIN DEFLA,53 - HAMMAM RIGHA,IIa
44,AIN DEFLA,53 - HAMMAM RIGHA,IIb
44,AIN DEFLA,54 - KHEMIS MILIANA,IIa
44,AIN DEFLA,55 - MEKHATRIA,IIa
44,AIN DEFLA,55 - MEKHATRIA,IIb
44,AIN DEFLA,56 - MILIANA,IIa
44,AIN DEFLA,56 - MILIANA,IIb
44,AIN DEFLA,59 - ROUINA,IIa
44,AIN DEFLA,59 - ROUINA,IIb
44,AIN DEFLA,61 - TACHTA ZEGARRA,III
44,AIN DEFLA,61 - TACHTA ZEGARRA,IIa
44,AIN DEFLA,63 - TIBERKANINE,IIa
44,AIN DEFLA,63 - TIBERKANINE,IIb
44,AIN DEFLA,64 - ZEDDINE,IIa
44,AIN DEFLA,64 - ZEDDINE,IIb
44,AIN DEFLA,81 - HASSASNA,IIa
44,AIN DEFLA,861 - SIDI ZAHAR,IIa
44,AIN DEFLA,AIN-BENIAN,IIa
44,AIN DEFLA,AIN-BENIAN,IIb
44,AIN DEFLA,AIN-LECHIAKH,IIa
44,AIN DEFLA,BEN ALLAL,IIa
44,AIN DEFLA,BEN ALLAL,IIb
44,AIN DEFLA,BIR-OULD-KHELIFA,IIa
44,AIN DEFLA,BIRBOUCHE,IIa
44,AIN DEFLA,HOCEINIA,IIa
44,AIN DEFLA,HOCEINIA,IIb
44,AIN DEFLA,OUED CHORFA,IIa
44,AIN DEFLA,TARIK-IBN-ZIAD,IIa
45,NAAMA,228 - TKOUT,I
45,NAAMA,339 - BEN KHELIL,I
45,NAAMA,982 - AIN SEFRA,I
45,NAAMA,987 - MECHRIA,I
45,NAAMA,ASLA,I
45,NAAMA,DJENIENNE BOUREZG,I
45,NAAMA,EL BIODH,I
45,NAAMA,KASDIR,I
45,NAAMA,MAKMEN BEN AMAR,I
45,NAAMA,MOGHRAR,I
45,NAAMA,NAAMA,I
45,NAAMA,SFISSIFA,I
46,AIN TEMOUCHENT,1068 - OULED HAMLA,IIa
46,AIN TEMOUCHENT,1303 - TAOURA,IIa
46,AIN TEMOUCHENT,1415 - SIDI RACHED,IIa
46,AIN TEMOUCHENT,66 - AIN EL ARBAA,IIa
46,AIN TEMOUCHENT,69 - AIN-TEMOUCHENT,IIa
46,AIN TEMOUCHENT,698 - EMIR ABDELKADER,IIa
46,AIN TEMOUCHENT,70 - BENI SAF,IIa
46,AIN TEMOUCHENT,714 - AIN TOUILA,IIa
46,AIN TEMOUCHENT,76 - EL AMRIA,IIa
46,AIN TEMOUCHENT,78 - EL MALAH,IIa
46,AIN TEMOUCHENT,80 - HAMMAM BOUHADJAR,IIa
46,AIN TEMOUCHENT,81 - HASSASNA,IIa
46,AIN TEMOUCHENT,925 - SIDI ALI,IIa
46,AIN TEMOUCHENT,AGHLAL,IIa
46,AIN TEMOUCHENT,AIN KIHAL,IIa
46,AIN TEMOUCHENT,AOUBELLIL,IIa
46,AIN TEMOUCHENT,BOUZEDJAR,IIa
46,AIN TEMOUCHENT,CHAABAT EL HAM,IIa
46,AIN TEMOUCHENT,CHENTOUF,IIa
46,AIN TEMOUCHENT,EL MESSAID,IIa
46,AIN TEMOUCHENT,HASSI EL GHELLA,IIa
46,AIN TEMOUCHENT,OUED BERKECHE,IIa
46,AIN TEMOUCHENT,OUED SEBBAH,IIa
46,AIN TEMOUCHENT,OULED BOUDJEMAA,IIa
46,AIN TEMOUCHENT,OULHACA EL GHERABA,IIa
46,AIN TEMOUCHENT,SIDI BEN ADDA,IIa
46,AIN TEMOUCHENT,SIDI BOUMEDIENE,IIa
46,AIN TEMOUCHENT,TERGA,IIa
47,GHARDAIA,1468 - BOUNOUH,0
47,GHARDAIA,384 - MANSOURA,0
47,GHARDAIA,632 - BERRIANE,0
47,GHARDAIA,635 - EL ATTEUF,0
47,GHARDAIA,638 - GHARDAIA,0
47,GHARDAIA,642 - METLILI,0
47,GHARDAIA,DHAYET BENDHAHOUA,0
47,GHARDAIA,EL GUERRARA,0
47,GHARDAIA,SEBSEB,0
47,GHARDAIA,ZELFANA,0
48,RELIZANE,1082 - DJIDIOUIA,IIa
48,RELIZANE,1082 - DJIDIOUIA,IIb
48,RELIZANE,1099 - OUED RHIOU,IIa
48,RELIZANE,1099 - OUED RHIOU,IIb
48,RELIZANE,1103 - RELIZANE,IIa
48,RELIZANE,1104 - SIDI KHETTAB,IIa
48,RELIZANE,1431 - OULED BESSEM,IIa
48,RELIZANE,366 - BENDAOUD,IIa
48,RELIZANE,433 - OULED RACHED,IIa
48,RELIZANE,473 - ZEMMOURI,IIa
48,RELIZANE,588 - HAMRAIA,IIa
48,RELIZANE,588 - HAMRAIA,IIb
48,RELIZANE,800 - SIDI KADA,IIa
48,RELIZANE,997 - AIN TURK,IIa
48,RELIZANE,AIN RAHMA,IIa
48,RELIZANE,AMMI MOUSSA,IIa
48,RELIZANE,BELAASSEL BOUZAGZA,IIa
48,RELIZANE,BENI DERGOUN,IIa
48,RELIZANE,BENI ZENTIS,IIa
48,RELIZANE,BENI ZENTIS,IIb
48,RELIZANE,DAR BEN ABDELAH,IIa
48,RELIZANE,EL H'MADNA,IIa
48,RELIZANE,EL HASSI,IIa
48,RELIZANE,EL OULDJA,IIa
48,RELIZANE,EL-GUETTAR,III
48,RELIZANE,EL-GUETTAR,IIa
48,RELIZANE,EL-MATMAR,IIa
48,RELIZANE,HAD ECHKALLA,IIa
48,RELIZANE,KALAA,IIa
48,RELIZANE,LAHLEF,IIa
48,RELIZANE,MAZOUNA,III
48,RELIZANE,MAZOUNA,IIa
48,RELIZANE,MEDIOUNA,III
48,RELIZANE,MEDIOUNA,IIa
48,RELIZANE,MENDES,IIa
48,RELIZANE,MERDJA SIDI ABED,IIa
48,RELIZANE,MERDJA SIDI ABED,IIb
48,RELIZANE,OUARIZANE,IIa
48,RELIZANE,OUED EL DJEMAA,IIa
48,RELIZANE,OULED SIDI MIHOUB,IIa
48,RELIZANE,RAMKA,IIa
48,RELIZANE,SIDI LAZREG,IIa
48,RELIZANE,SIDI M'HAMED BENALI,III
48,RELIZANE,SIDI M'HAMED BENALI,IIa
48,RELIZANE,SIDI M'HAMED BENAOUDA,IIa
48,RELIZANE,SOUK EL HAD,IIa
48,RELIZANE,YELLEL,IIa
